Workbook
Name __HWP14: '[1]0-ハード（その他)'!#REF!
Name __HWP14: '[1]0-ハード（その他)'!#REF!
Name __HWP14: '[1]0-ハード（その他)'!#REF!
Name __HWP14: '[1]0-ハード（その他)'!#REF!
Name _HWP13: '[1]0-ハード（その他)'!#REF!
Name ABC: #REF!
Name ABC: #REF!
Name ABC: #REF!
Name ABC: #REF!
Name ABCDEFF: '[1]0-ハード（その他)'!#REF!
Name ABCDEFG: '[1]0-ハード（その他)'!#REF!
Name ABCDEFG: '[1]0-ハード（その他)'!#REF!
Name ABCDEFG: '[1]0-ハード（その他)'!#REF!
Name ABCDEFG: '[1]0-ハード（その他)'!#REF!
Name ACC: #REF!
Name dasd: #REF!
Name dasd: #REF!
Name dasd: #REF!
Name dasd: #REF!
Name DD: #REF!
Name DD: #REF!
Name DD: #REF!
Name DD: #REF!
Name DELIVALY_AUO_REQ: #REF!
Name DELIVALY_AUO_REQ: #REF!
Name DELIVALY_AUO_REQ: #REF!
Name DELIVALY_AUO_REQ: #REF!
Name DURATION: #REF!
Name DURATION: #REF!
Name DURATION: #REF!
Name DURATION: #REF!
Name EQ_Table: #REF!
Name EQ_Table: #REF!
Name EQ_Table: #REF!
Name EQ_Table: #REF!
Name EQPORT304: #REF!
Name EQPORT304: #REF!
Name EQPORT304: #REF!
Name EQPORT304: #REF!
Name EQPORT305: #REF!
Name EQPORT305: #REF!
Name EQPORT305: #REF!
Name EQPORT305: #REF!
Name EQPORT306: #REF!
Name EQPORT306: #REF!
Name EQPORT306: #REF!
Name EQPORT306: #REF!
Name EQPORT307: #REF!
Name EQPORT307: #REF!
Name EQPORT307: #REF!
Name EQPORT307: #REF!
Name HWPP14: '[1]0-ハード（その他)'!#REF!
Name HWPP14: '[1]0-ハード（その他)'!#REF!
Name HWPP14: '[1]0-ハード（その他)'!#REF!
Name HWPP14: '[1]0-ハード（その他)'!#REF!
Name MOVEMENT: #REF!
Name MOVEMENT: #REF!
Name MOVEMENT: #REF!
Name MOVEMENT: #REF!
Name REWORK: #REF!

Sheet 개요
B2: V3 (Semi C/V, STOCKER) ↔ Web 관제 프로토콜 정의서
B4: 문서 버전 | C4: v1.1
B5: 작성일 | C5: 2026-07-11
B6: 초안자 | C6: 장병찬K
B7: 대상 프로그램 | C7: V3 (Semi C/V · STOCKER 설비 제어 프로그램)
B8: 통신 방식 | C8: WebSocket · JSON
B9: 엔드포인트 | C9: ws://<V3 PC IP>:8765/ws/dashboard
B10: 공통 Envelope (수신) | C10: { "type": string, "siteId": string, "timestamp": ISO8601, "data": ... }
B11: 송신 형식 | C11: { "type": "COMMAND", "data": { "cmd": string, ... } }
B12: 하트비트 | C12: HEARTBEAT 15초 무수신 시 Web이 강제 재연결 (재연결 백오프 1s→최대 30s)
B13: 소스 기준 | C13: src/constants/protocolCatalog.ts · src/types/semicnv.ts (코드가 원본, 이 문서는 사본)
B14: 설비 모드 선택 | C14: V3 시작 시 Semi C/V 또는 STOCKER 모드를 선택 → 해당 모드의 메모리맵을 참조해 동일 Envelope로 Web에 전송. 구분자: data.equipmentType ('SEMI_CNV' | 'STOCKER'), 미지정 시 'SEMI_CNV'로 간주.
B15: STOCKER 소스 기준 | C15: SS-One BIT/Word Communication · Port Bit/Word (구 STOCKER–CIM TCP/IP Memory Map) 을 WebSocket JSON 으로 재정의

Sheet 메시지 목록
A1: No. | B1: 방향 | C1: 모드 | D1: TYPE | E1: 이름 | F1: 설명 | G1: 필드 수
A2: 1 | B2: 수신 | C2: Semi C/V | D2: SITE_CONNECT | E2: 현장 접속 통지 | F2: V3가 연결 직후 1회 전송 — 현장 이름·프로그램 버전·설비 규모를 알린다. | G2: =COUNTIFS('필드 정의'!$A:$A,D2,'필드 정의'!$B:$B,C2) -> 5
A3: 2 | B3: 수신 | C3: Semi C/V | D3: CONVEYOR_STATUS | E3: 컨베이어 상태 | F3: 유닛별 실시간 상태 배열 — 가동/알람/자재(cstId)/회전각 등. 주기 전송. | G3: =COUNTIFS('필드 정의'!$A:$A,D3,'필드 정의'!$B:$B,C3) -> 17
A4: 3 | B4: 수신 | C4: Semi C/V | D4: LINE_STATUS | E4: 라인 상태 | F4: 라인 단위 요약 배열 — Safety/Key/Auto Condition·가동/알람 컨베이어 수. | G4: =COUNTIFS('필드 정의'!$A:$A,D4,'필드 정의'!$B:$B,C4) -> 10
A5: 4 | B5: 수신 | C5: Semi C/V | D5: ALARM_EVENT | E5: 알람 이벤트 | F5: 알람 발생(OCCUR)/해제(CLEAR) 즉시 통지 — 알람 리스트·이력에 반영. | G5: =COUNTIFS('필드 정의'!$A:$A,D5,'필드 정의'!$B:$B,C5) -> 7
A6: 5 | B6: 수신 | C6: Semi C/V | D6: CST_TRACKING | E6: CST 위치 추적 | F6: 자재(CST)가 어느 유닛에 있는지 배열로 통지 — 타임차트 V3 핸드셰이크 기록의 근거. | G6: =COUNTIFS('필드 정의'!$A:$A,D6,'필드 정의'!$B:$B,C6) -> 4
A7: 6 | B7: 수신 | C7: Semi C/V | D7: IO_STATUS | E7: IO 상태 상세 | F7: Safety/Auto Condition 항목별 ON/OFF + 프로그램 상태 — 설비 상태 탭·조건 팝업에 표시. | G7: =COUNTIFS('필드 정의'!$A:$A,D7,'필드 정의'!$B:$B,C7) -> 6
A8: 7 | B8: 수신 | C8: 공용 | D8: LOG_EVENT | E8: 로그 스트리밍 | F8: V3 로그 실시간 전송 — "V3 이력" 탭·이력 화면에 축적. | G8: =COUNTIFS('필드 정의'!$A:$A,D8,'필드 정의'!$B:$B,C8) -> 5
A9: 8 | B9: 수신 | C9: 공용 | D9: HEARTBEAT | E9: 하트비트 | F9: 생존 신호 — 15초 무수신 시 Web이 강제 재연결. | G9: =COUNTIFS('필드 정의'!$A:$A,D9,'필드 정의'!$B:$B,C9) -> 1
A10: 9 | B10: 송신 | C10: Semi C/V | D10: COMMAND | E10: 제어 명령 | F10: Web → V3 제어 명령. 정의된 cmd: all_power_on · all_power_off · all_auto_run · all_auto_stop · alarm_reset (전체 대상). 개별 유닛 명령은 미정의 — 스펙 확정 시 확장 예정. | G10: =COUNTIFS('필드 정의'!$A:$A,D10,'필드 정의'!$B:$B,C10) -> 2
A11: 10 | B11: 수신 | C11: STOCKER | D11: SITE_CONNECT | E11: 현장 접속 통지 (스토커) | F11: V3가 STOCKER 모드로 연결 직후 1회 전송 — equipmentType=STOCKER, 스토커·랙마스터·포트·셀프 규모를 알린다. | G11: =COUNTIFS('필드 정의'!$A:$A,D11,'필드 정의'!$B:$B,C11) -> 7
A12: 11 | B12: 수신 | C12: STOCKER | D12: LINE_STATUS | E12: 스토커 본체 상태 | F12: 스토커 본체 단위 요약 — 제어/운전 모드·온라인·안전·타워램프·도어·EMO·팬·CST Full·적재수·포트 요약·CPS 전원. 주기 전송. | G12: =COUNTIFS('필드 정의'!$A:$A,D12,'필드 정의'!$B:$B,C12) -> 19
A13: 12 | B13: 수신 | C13: STOCKER | D13: CONVEYOR_STATUS | E13: 유닛 상태 (크레인·포트) | F13: 유닛별 실시간 상태 배열 — unitType으로 Rack Master(크레인)/Port 구분. 크레인 서보·모드·반송동작·스텝, 포트 PIO 핸드셰이크·캐리어ID 등. | G13: =COUNTIFS('필드 정의'!$A:$A,D13,'필드 정의'!$B:$B,C13) -> 24
... A17: 16 | B17: 송신 | C17: STOCKER | D17: COMMAND | E17: 제어 명령 (스토커) | F17: Web → V3 스토커 제어. 본체(비상정지·에러리셋·형광등·타워램프)·크레인(서보·자동·원점·반송·티칭·시간동기)·포트(run/stop/power/in-out mode/reset) 명령을 target으로 지정. | G17: =COUNTIFS('필드 정의'!$A:$A,D17,'필드 정의'!$B:$B,C17) -> 4

Sheet 필드 정의
A1: 메시지 TYPE | B1: 모드 | C1: 방향 | D1: 필드 | E1: 타입 | F1: 필수 | G1: 설명
A2: SITE_CONNECT | B2: Semi C/V | C2: 수신 | D2: siteName | E2: string | F2: 필수 | G2: 현장(Site) 이름
A3: SITE_CONNECT | B3: Semi C/V | C3: 수신 | D3: programVersion | E3: string | F3: 필수 | G3: V3 프로그램 버전
A4: SITE_CONNECT | B4: Semi C/V | C4: 수신 | D4: apiKey | E4: string | F4: 옵션 | G4: 인증 키 (옵션)
A5: SITE_CONNECT | B5: Semi C/V | C5: 수신 | D5: lineCount | E5: number | F5: 필수 | G5: 라인 수
A6: SITE_CONNECT | B6: Semi C/V | C6: 수신 | D6: conveyorCount | E6: number | F6: 필수 | G6: 컨베이어 수
A7: CONVEYOR_STATUS | B7: Semi C/V | C7: 수신 | D7: id | E7: number | F7: 필수 | G7: Conveyor.ID (semiCnvId 매핑)
A8: CONVEYOR_STATUS | B8: Semi C/V | C8: 수신 | D8: lineId | E8: number | F8: 필수 | G8: 소속 라인 ID
A9: CONVEYOR_STATUS | B9: Semi C/V | C9: 수신 | D9: name | E9: string | F9: 필수 | G9: 유닛 이름 (CV01 등)
A10: CONVEYOR_STATUS | B10: Semi C/V | C10: 수신 | D10: conveyorType | E10: 'None'|'Normal'|'Turn'|'LFT'|'ZT'|'RX'|'Up_Down' | F10: 필수 | G10: 유닛 타입
A11: CONVEYOR_STATUS | B11: Semi C/V | C11: 수신 | D11: controlMode | E11: 'MasterMode'|'CIMMode' | F11: 필수 | G11: 제어 모드
A12: CONVEYOR_STATUS | B12: Semi C/V | C12: 수신 | D12: runStatus | E12: 'Run'|'Stop' | F12: 필수 | G12: 구동 여부
... A139: COMMAND | B139: STOCKER | C139: 송신 | D139: params | E139: Record<string, unknown> | F139: 옵션 | G139: 명령별 추가 파라미터 (rm_transfer: fromShelfId/toShelfId, rm_teaching_start: shelfId, tower_lamp_set: color/mode 등)

Sheet 예시 JSON
B1: Semi C/V 모드 예시 (equipmentType = "Conveyor") | E1: STOCKER 모드 예시 (equipmentType = "STOCKER")
B3: SITE_CONNECT (수신) | E3: SITE_CONNECT (수신, STOCKER)
C4: { "type": "SITE_CONNECT", "siteId": "site-A", "timestamp": "2026-07-11T09:00:00.000Z", "data": { "siteName": "음성공장", "programVersion": "3.1.0", "lineCount": 2, "conveyorCount": 24 } } | F4: { "type": "SITE_CONNECT", "siteId": "site-B", "timestamp": "2026-07-11T09:00:00.000Z", "data": { "equipmentType": "STOCKER", "siteName": "음성공장 STK-A", "programVersion": "3.1.0", "stockerCount": 1, "rackMasterCount": 1, "portCount": 4, "shelfCount": 240 } }
B6: CONVEYOR_STATUS (수신) | E6: LINE_STATUS (수신, STOCKER) — 스토커 본체 요약
C7: { "type": "CONVEYOR_STATUS", "siteId": "site-A", "timestamp": "2026-07-11T09:00:01.000Z", "data": [ { "id": 1, "lineId": 0, "name": "CV01", "conveyorType": "Normal", "controlMode": "MasterMode", "runStatus": "Run", "operationStatus": "Auto", "autoStatus": "Busy", "autoStep": 3, "power": "On", "alarm": false, "cstId": "CST-0077", "destination": 5 } ] } | F7: { "type": "LINE_STATUS", "siteId": "site-B", "timestamp": "2026-07-11T09:00:01.000Z", "data": [ { "equipmentType": "STOCKER", "stockerId": 1, "stockerName": "STK-01", "controlMode": "CIMMode", "operationStatus": "Auto", "onlineStatus": "Online", "safetyStatus": "OK", "alarmStatus": false, "towerLamp": { "green": true, "yellow": false, "red": false, "buzzer": false }, "doorOpen": false, "emoPushed": false, "keyAuto": true, "fanStatus": { "intake": true, "exhaust": true }, "cstFull": false, "storedCstCount": 128, "totalPorts": 4, "runningPorts": 3, "alarmCount": 0, "cps": [ { "no": 1, "run": true, "error": false, "failover": false }, { "no": 2, "run": true, "error": false, "failover": false } ] } ] }
B9: LINE_STATUS (수신) | E9: CONVEYOR_STATUS (수신, STOCKER) — 크레인·포트 유닛
C10: { "type": "LINE_STATUS", "siteId": "site-A", "timestamp": "2026-07-11T09:00:01.000Z", "data": [ { "lineId": 0, "lineName": "LINE-1", "safetyStatus": "OK", "keyStatus": "Auto", "autoCondition": "Possible", "operationStatus": "Auto", "controlMode": "MasterMode", "totalConveyors": 12, "runningConveyors": 9, "alarmConveyors": 0 } ] } | F10: { "type": "CONVEYOR_STATUS", "siteId": "site-B", "timestamp": "2026-07-11T09:00:01.000Z", "data": [ { "equipmentType": "STOCKER", "id": 1, "stockerId": 1, "unitType": "RackMaster", "name": "RM01", "alarm": false, "servoOn": true, "controlMode": "CIMMode", "operationStatus": "Auto", "activity": "Active", "transferType": "To", "autoStep": 12, "homeDone": true, "fromShelfId": 15, "toShelfId": 132, "accessShelfId": 132, "cstId": "CST-0077", "cstPresent": true }, { "equipmentType": "STOCKER", "id": 101, "stockerId": 1, "unitType": "Port", "name": "MGV-IN", "alarm": false, "portType": "MGV", "direction": "In", "pioStatus": "Transferring", "carrierId": "CST-0091", "runEnable": true, "lightCurtain": false } ] }
B12: ALARM_EVENT (수신) | E12: ALARM_EVENT (수신, STOCKER)
C13: { "type": "ALARM_EVENT", "siteId": "site-A", "timestamp": "2026-07-11T09:00:02.000Z", "data": { "eventType": "OCCUR", "conveyorId": 3, "lineId": 0, "alarmCode": "3001", "alarmLevel": "Error", "alarmStep": 4, "message": "CV03 MOTOR OVERLOAD" } } | F13: { "type": "ALARM_EVENT", "siteId": "site-B", "timestamp": "2026-07-11T09:00:02.000Z", "data": { "equipmentType": "STOCKER", "eventType": "OCCUR", "source": "RackMaster", "unitId": 1, "stockerId": 1, "alarmCode": "RM-2043", "alarmLevel": "Error", "alarmStep": 12, "message": "RM01 Z-AXIS SERVO ERROR", "axis": "Z" } }
B15: CST_TRACKING (수신) | E15: CST_TRACKING (수신, STOCKER)
C16: { "type": "CST_TRACKING", "siteId": "site-A", "timestamp": "2026-07-11T09:00:03.000Z", "data": [ { "cstId": "CST-0077", "conveyorId": 2, "lineId": 0, "destination": 5 } ] } | F16: { "type": "CST_TRACKING", "siteId": "site-B", "timestamp": "2026-07-11T09:00:03.000Z", "data": [ { "equipmentType": "STOCKER", "cstId": "CST-0077", "locationType": "Fork", "shelfId": null, "portId": null, "stockerId": 1, "fromShelfId": 15, "toShelfId": 132 } ] }
B18: IO_STATUS (수신) | E18: IO_STATUS (수신, STOCKER) — 조건·축 텔레메트리
C19: { "type": "IO_STATUS", "siteId": "site-A", "timestamp": "2026-07-11T09:00:04.000Z", "data": { "safetyOk": true, "safetyConditions": [ { "no": 1, "name": "EMO", "status": true } ], "autoConditionOk": false, "autoConditions": [ { "no": 1, "name": "Home Done", "status": false } ], "currentStatus": "Standby", "programStatus": [ { "item": "Version", "value": "3.1.0" } ] } } | F19: { "type": "IO_STATUS", "siteId": "site-B", "timestamp": "2026-07-11T09:00:04.000Z", "data": { "equipmentType": "STOCKER", "stockerId": 1, "safetyOk": true, "safetyConditions": [ { "no": 1, "name": "EMO", "status": true }, { "no": 2, "name": "Front Door", "status": true } ], "autoConditionOk": true, "autoConditions": [ { "no": 1, "name": "Servo On", "status": true }, { "no": 2, "name": "Home Done", "status": true } ], "axes": [ { "axis": "X", "currentPos": 12450.5, "targetPos": 12450.5, "currentSpeed": 0.0, "torque": 8.2, "avgTorque": 7.5, "peakTorque": 22.1, "travelDistance": 184203.4, "homeDone": true, "servoOn": true }, { "axis": "Z", "currentPos": 3200.0, "targetPos": 3200.0, "currentSpeed": 0.0, "torque": 5.1, "avgTorque": 4.8, "peakTorque": 18.7, "travelDistance": 95820.1, "homeDone": true, "servoOn": true } ], "sensors": [ { "name": "Fork CST Present", "status": true }, { "name": "Fork Protrusion", "status": false } ], "programStatus": [ { "item": "Version", "value": "3.1.0" } ] } }
B21: LOG_EVENT (수신) | E21: COMMAND (송신, STOCKER) — 반송 지시 예시
C22: { "type": "LOG_EVENT", "siteId": "site-A", "timestamp": "2026-07-11T09:00:05.000Z", "data": { "logTime": "2026-07-11T09:00:05.000", "logType": "Application", "logLevel": "Normal", "title": "Auto Run", "description": "All conveyor auto run started" } } | F22: { "type": "COMMAND", "data": { "equipmentType": "STOCKER", "cmd": "rm_transfer", "target": { "kind": "RackMaster", "id": 1 }, "params": { "fromShelfId": 15, "toShelfId": 132 } } }
B24: HEARTBEAT (수신)
C25: { "type": "HEARTBEAT", "siteId": "site-A", "timestamp": "2026-07-11T09:00:06.000Z", "data": { "status": "ALIVE" } }
B27: COMMAND (송신)
C28: { "type": "COMMAND", "data": { "cmd": "all_auto_run" } }

Sheet SS-One BIT Communication
B1: SS-One <--> MST Communication BIT Map
A2: Master Program Comment | B2: [SS-One] --> [Master] | I2: Comment | J2: 비고 | K2: Bit | L2: [Master] --> [SS-One] | S2: Comment | T2: 비고 | U2: Master Program Comment
B3: Dec | D3: Hex | K3: Per Word | L3: Dec | N3: Hex
A4: WMX Output 연동 | B4: 0 | D4: =CONCATENATE("0x", DEC2HEX(B4,2)) -> 0x00 | I4: Door Open | J4: 1이면 오픈 0이면 닫음 | K4: 1 | L4: 0 | N4: =CONCATENATE("0x", DEC2HEX(L4,2)) -> 0x00 | S4: HP Door 열림 상태 | T4: 1 열림, 0 닫힘 | U4: WMX Input 연동
B5: 1 | D5: =CONCATENATE("0x", DEC2HEX(B5,2)) -> 0x01 | L5: 1 | N5: =CONCATENATE("0x", DEC2HEX(L5,2)) -> 0x01 | S5: HP EMO 눌림 상태 | T5: 1 눌림, 0 정상 | U5: WMX Input 연동
A6: Not Update | B6: 2 | D6: =CONCATENATE("0x", DEC2HEX(B6,2)) -> 0x02 | I6: SSO->MST Online/Offline 상 태******** | L6: 2 | N6: =CONCATENATE("0x", DEC2HEX(L6,2)) -> 0x02 | S6: HP MASTER KEY 자동 Mode 상태 | T6: 1이 정상, 0이 비정상 | U6: WMX Input 연동
A7: Not Update | B7: 3 | D7: =CONCATENATE("0x", DEC2HEX(B7,2)) -> 0x03 | I7: SSO->MSTCST Full상 태******** | L7: 3 | N7: =CONCATENATE("0x", DEC2HEX(L7,2)) -> 0x03
B8: 4 | D8: =CONCATENATE("0x", DEC2HEX(B8,2)) -> 0x04 | L8: 4 | N8: =CONCATENATE("0x", DEC2HEX(L8,2)) -> 0x04
A9: WMX Output 연동 | B9: 5 | D9: =CONCATENATE("0x", DEC2HEX(B9,2)) -> 0x05 | I9: SSO->MST 타워램프 Green | L9: 5 | N9: =CONCATENATE("0x", DEC2HEX(L9,2)) -> 0x05 | S9: HP 비상탈출 눌림상태 | T9: 1 눌림, 0 정상 | U9: WMX Input 연동
A10: WMX Output 연동 | B10: 6 | D10: =CONCATENATE("0x", DEC2HEX(B10,2)) -> 0x06 | I10: SSO->MST 타워램프 YELLOW | L10: 6 | N10: =CONCATENATE("0x", DEC2HEX(L10,2)) -> 0x06
A11: WMX Output 연동 | B11: 7 | D11: =CONCATENATE("0x", DEC2HEX(B11,2)) -> 0x07 | I11: SSO->MST 타워램프 RED | L11: 7 | N11: =CONCATENATE("0x", DEC2HEX(L11,2)) -> 0x07 | S11: OP Door 열림 상태 | T11: 1 열림, 0 닫힘 | U11: WMX Input 연동
A12: WMX Output 연동 | B12: 8 | D12: =CONCATENATE("0x", DEC2HEX(B12,2)) -> 0x08 | I12: SSO->MST 타워램프 BUZZER 경알람 | J12: 마스터 알람 발생 시 | L12: 8 | N12: =CONCATENATE("0x", DEC2HEX(L12,2)) -> 0x08 | S12: OP EMO 눌림 상태 | T12: 1 눌림, 0 정상 | U12: WMX Input 연동
A13: WMX Output 연동 | B13: 9 | D13: =CONCATENATE("0x", DEC2HEX(B13,2)) -> 0x09 | I13: SSO->MST 타워램프 BUZZER 중알람 | J13: 포트 알람 발생 시 | L13: 9 | N13: =CONCATENATE("0x", DEC2HEX(L13,2)) -> 0x09 | S13: RM HP Handy Touch EMO 눌림상태 | T13: 1 눌림, 0 정상
A14: WMX Output 연동 | B14: 10 | D14: =CONCATENATE("0x", DEC2HEX(B14,2)) -> 0x0A | H14: 2023.07.28 | I14: SSO->MST 타워램프 BUZZER Active | J14: 랙마스터 액티브 상태 | L14: 10 | N14: =CONCATENATE("0x", DEC2HEX(L14,2)) -> 0x0A | S14: RM OP Handy Touch EMO 눌림상태 | T14: 1 눌림, 0 정상
B15: 11 | D15: =CONCATENATE("0x", DEC2HEX(B15,2)) -> 0x0B | I15: SSO->MST 타워램프 BUZZER MUTE | L15: 11 | N15: =CONCATENATE("0x", DEC2HEX(L15,2)) -> 0x0B
B16: 12 | D16: =CONCATENATE("0x", DEC2HEX(B16,2)) -> 0x0C | L16: 12 | N16: =CONCATENATE("0x", DEC2HEX(L16,2)) -> 0x0C | S16: OP 비상탈출 눌림상태 | T16: 1 눌림, 0 정상 | U16: WMX Input 연동
B17: 13 | D17: =CONCATENATE("0x", DEC2HEX(B17,2)) -> 0x0D | L17: 13 | N17: =CONCATENATE("0x", DEC2HEX(L17,2)) -> 0x0D | S17: RM HP EMO 눌림상태 | T17: 1 눌림, 0 정상 | U17: Not Update
B18: 14 | D18: =CONCATENATE("0x", DEC2HEX(B18,2)) -> 0x0E | I18: SSO->MST 비상 정지 요구 | L18: 14 | N18: =CONCATENATE("0x", DEC2HEX(L18,2)) -> 0x0E | S18: RM OP EMO 눌림상태 | T18: 1 눌림, 0 정상 | U18: Not Update
B19: 15 | D19: =CONCATENATE("0x", DEC2HEX(B19,2)) -> 0x0F | I19: SSO->MST 에러 리셋 요구 | L19: 15 | N19: =CONCATENATE("0x", DEC2HEX(L19,2)) -> 0x0F | S19: RM Handy Touch EMO 눌림상태 | T19: 1 눌림, 0 정상 | U19: Not Update
A20: Not Update | B20: 16 | D20: =CONCATENATE("0x", DEC2HEX(B20,2)) -> 0x10 | I20: SSO->MST형광등 ON | K20: 2 | L20: 16 | N20: =CONCATENATE("0x", DEC2HEX(L20,2)) -> 0x10 | S20: MST->CIM형광등 ON 상태 | U20: Not Update
A21: Not Update | B21: 17 | D21: =CONCATENATE("0x", DEC2HEX(B21,2)) -> 0x11 | I21: SSO->MST형광등 OFF | L21: 17 | N21: =CONCATENATE("0x", DEC2HEX(L21,2)) -> 0x11
A22: Not Update | B22: 18 | D22: =CONCATENATE("0x", DEC2HEX(B22,2)) -> 0x12 | I22: SSO->MST형광등 시간적용 | L22: 18 | N22: =CONCATENATE("0x", DEC2HEX(L22,2)) -> 0x12
B23: 19 | D23: =CONCATENATE("0x", DEC2HEX(B23,2)) -> 0x13 | L23: 19 | N23: =CONCATENATE("0x", DEC2HEX(L23,2)) -> 0x13
B24: 20 | D24: =CONCATENATE("0x", DEC2HEX(B24,2)) -> 0x14 | L24: 20 | N24: =CONCATENATE("0x", DEC2HEX(L24,2)) -> 0x14
B25: 21 | D25: =CONCATENATE("0x", DEC2HEX(B25,2)) -> 0x15 | L25: 21 | N25: =CONCATENATE("0x", DEC2HEX(L25,2)) -> 0x15
B26: 22 | D26: =CONCATENATE("0x", DEC2HEX(B26,2)) -> 0x16 | L26: 22 | N26: =CONCATENATE("0x", DEC2HEX(L26,2)) -> 0x16
B27: 23 | D27: =CONCATENATE("0x", DEC2HEX(B27,2)) -> 0x17 | L27: 23 | N27: =CONCATENATE("0x", DEC2HEX(L27,2)) -> 0x17
B28: 24 | D28: =CONCATENATE("0x", DEC2HEX(B28,2)) -> 0x18 | L28: 24 | N28: =CONCATENATE("0x", DEC2HEX(L28,2)) -> 0x18 | S28: CPS#1 RUN 상태 | U28: WMX Input 연동
B29: 25 | D29: =CONCATENATE("0x", DEC2HEX(B29,2)) -> 0x19 | L29: 25 | N29: =CONCATENATE("0x", DEC2HEX(L29,2)) -> 0x19 | S29: CPS#1 ERROR 상태 | U29: WMX Input 연동
B30: 26 | D30: =CONCATENATE("0x", DEC2HEX(B30,2)) -> 0x1A | L30: 26 | N30: =CONCATENATE("0x", DEC2HEX(L30,2)) -> 0x1A | S30: CPS#1 FAILOVER 상태
B31: 27 | D31: =CONCATENATE("0x", DEC2HEX(B31,2)) -> 0x1B | L31: 27 | N31: =CONCATENATE("0x", DEC2HEX(L31,2)) -> 0x1B
B32: 28 | D32: =CONCATENATE("0x", DEC2HEX(B32,2)) -> 0x1C | L32: 28 | N32: =CONCATENATE("0x", DEC2HEX(L32,2)) -> 0x1C
B33: 29 | D33: =CONCATENATE("0x", DEC2HEX(B33,2)) -> 0x1D | L33: 29 | N33: =CONCATENATE("0x", DEC2HEX(L33,2)) -> 0x1D | S33: CPS#2 RUN 상태
B34: 30 | D34: =CONCATENATE("0x", DEC2HEX(B34,2)) -> 0x1E | L34: 30 | N34: =CONCATENATE("0x", DEC2HEX(L34,2)) -> 0x1E | S34: CPS#2 ERROR 상태
B35: 31 | D35: =CONCATENATE("0x", DEC2HEX(B35,2)) -> 0x1F | L35: 31 | N35: =CONCATENATE("0x", DEC2HEX(L35,2)) -> 0x1F | S35: CPS#2 FAILOVER 상태
B36: 32 | D36: =CONCATENATE("0x", DEC2HEX(B36,2)) -> 0x20 | K36: 3 | L36: 32 | N36: =CONCATENATE("0x", DEC2HEX(L36,2)) -> 0x20
B37: 33 | D37: =CONCATENATE("0x", DEC2HEX(B37,2)) -> 0x21 | I37: SS-One > MST CPS#1 Power On Enable | L37: 33 | N37: =CONCATENATE("0x", DEC2HEX(L37,2)) -> 0x21 | S37: MST > SS-One CPS#1 Power On Enable Lamp
B38: 34 | D38: =CONCATENATE("0x", DEC2HEX(B38,2)) -> 0x22 | L38: 34 | N38: =CONCATENATE("0x", DEC2HEX(L38,2)) -> 0x22 | S38: MST > SS-One CPS#1 1st Run Lamp
B39: 35 | D39: =CONCATENATE("0x", DEC2HEX(B39,2)) -> 0x23 | L39: 35 | N39: =CONCATENATE("0x", DEC2HEX(L39,2)) -> 0x23
B40: 36 | D40: =CONCATENATE("0x", DEC2HEX(B40,2)) -> 0x24 | L40: 36 | N40: =CONCATENATE("0x", DEC2HEX(L40,2)) -> 0x24
B41: 37 | D41: =CONCATENATE("0x", DEC2HEX(B41,2)) -> 0x25 | L41: 37 | N41: =CONCATENATE("0x", DEC2HEX(L41,2)) -> 0x25
B42: 38 | D42: =CONCATENATE("0x", DEC2HEX(B42,2)) -> 0x26 | L42: 38 | N42: =CONCATENATE("0x", DEC2HEX(L42,2)) -> 0x26
B43: 39 | D43: =CONCATENATE("0x", DEC2HEX(B43,2)) -> 0x27 | I43: SS-One > MST CPS#2 Power On Enable | L43: 39 | N43: =CONCATENATE("0x", DEC2HEX(L43,2)) -> 0x27 | S43: MST > SS-One CPS#2 Power On Enable Lamp
B44: 40 | D44: =CONCATENATE("0x", DEC2HEX(B44,2)) -> 0x28 | L44: 40 | N44: =CONCATENATE("0x", DEC2HEX(L44,2)) -> 0x28 | S44: MST > SS-One CPS#2 1st Run Lamp
B45: 41 | D45: =CONCATENATE("0x", DEC2HEX(B45,2)) -> 0x29 | L45: 41 | N45: =CONCATENATE("0x", DEC2HEX(L45,2)) -> 0x29
B46: 42 | D46: =CONCATENATE("0x", DEC2HEX(B46,2)) -> 0x2A | L46: 42 | N46: =CONCATENATE("0x", DEC2HEX(L46,2)) -> 0x2A
B47: 43 | D47: =CONCATENATE("0x", DEC2HEX(B47,2)) -> 0x2B | L47: 43 | N47: =CONCATENATE("0x", DEC2HEX(L47,2)) -> 0x2B | S47: MST > SS-One RM#1 2nd Run Lamp
B48: 44 | D48: =CONCATENATE("0x", DEC2HEX(B48,2)) -> 0x2C | L48: 44 | N48: =CONCATENATE("0x", DEC2HEX(L48,2)) -> 0x2C
B49: 45 | D49: =CONCATENATE("0x", DEC2HEX(B49,2)) -> 0x2D | L49: 45 | N49: =CONCATENATE("0x", DEC2HEX(L49,2)) -> 0x2D
B50: 46 | D50: =CONCATENATE("0x", DEC2HEX(B50,2)) -> 0x2E | L50: 46 | N50: =CONCATENATE("0x", DEC2HEX(L50,2)) -> 0x2E
B51: 47 | D51: =CONCATENATE("0x", DEC2HEX(B51,2)) -> 0x2F | L51: 47 | N51: =CONCATENATE("0x", DEC2HEX(L51,2)) -> 0x2F
B52: 48 | D52: =CONCATENATE("0x", DEC2HEX(B52,2)) -> 0x30 | K52: 4 | L52: 48 | N52: =CONCATENATE("0x", DEC2HEX(L52,2)) -> 0x30
B53: 49 | D53: =CONCATENATE("0x", DEC2HEX(B53,2)) -> 0x31 | L53: 49 | N53: =CONCATENATE("0x", DEC2HEX(L53,2)) -> 0x31
B54: 50 | D54: =CONCATENATE("0x", DEC2HEX(B54,2)) -> 0x32 | L54: 50 | N54: =CONCATENATE("0x", DEC2HEX(L54,2)) -> 0x32
B55: 51 | D55: =CONCATENATE("0x", DEC2HEX(B55,2)) -> 0x33 | L55: 51 | N55: =CONCATENATE("0x", DEC2HEX(L55,2)) -> 0x33
B56: 52 | D56: =CONCATENATE("0x", DEC2HEX(B56,2)) -> 0x34 | I56: SS-One > MST CPS#1 Power On Request | L56: 52 | N56: =CONCATENATE("0x", DEC2HEX(L56,2)) -> 0x34 | S56: MST > SS-One CPS#1 Power On Request Lamp
B57: 53 | D57: =CONCATENATE("0x", DEC2HEX(B57,2)) -> 0x35 | I57: SS-One > MST CPS#2 Power On Request | L57: 53 | N57: =CONCATENATE("0x", DEC2HEX(L57,2)) -> 0x35 | S57: MST > SS-One CPS#2 Power On Request Lamp
B58: 54 | D58: =CONCATENATE("0x", DEC2HEX(B58,2)) -> 0x36 | L58: 54 | N58: =CONCATENATE("0x", DEC2HEX(L58,2)) -> 0x36
B59: 55 | D59: =CONCATENATE("0x", DEC2HEX(B59,2)) -> 0x37 | I59: SS-One > MST CPS#1 Error Reset Request | L59: 55 | N59: =CONCATENATE("0x", DEC2HEX(L59,2)) -> 0x37 | S59: MST > SS-One CPS#1 Error Reset Request Lamp
B60: 56 | D60: =CONCATENATE("0x", DEC2HEX(B60,2)) -> 0x38 | I60: SS-One > MST CPS#2 Error Reset Request | L60: 56 | N60: =CONCATENATE("0x", DEC2HEX(L60,2)) -> 0x38 | S60: MST > SS-One CPS#2 Error Reset Request Lamp
B61: 57 | D61: =CONCATENATE("0x", DEC2HEX(B61,2)) -> 0x39 | L61: 57 | N61: =CONCATENATE("0x", DEC2HEX(L61,2)) -> 0x39
B62: 58 | D62: =CONCATENATE("0x", DEC2HEX(B62,2)) -> 0x3A | L62: 58 | N62: =CONCATENATE("0x", DEC2HEX(L62,2)) -> 0x3A | S62: MST > SS-One CPS#1 Error Lamp
B63: 59 | D63: =CONCATENATE("0x", DEC2HEX(B63,2)) -> 0x3B | L63: 59 | N63: =CONCATENATE("0x", DEC2HEX(L63,2)) -> 0x3B | S63: MST > SS-One CPS#2 Error Lamp
B64: 60 | D64: =CONCATENATE("0x", DEC2HEX(B64,2)) -> 0x3C | L64: 60 | N64: =CONCATENATE("0x", DEC2HEX(L64,2)) -> 0x3C
B65: 61 | D65: =CONCATENATE("0x", DEC2HEX(B65,2)) -> 0x3D | L65: 61 | N65: =CONCATENATE("0x", DEC2HEX(L65,2)) -> 0x3D
B66: 62 | D66: =CONCATENATE("0x", DEC2HEX(B66,2)) -> 0x3E | L66: 62 | N66: =CONCATENATE("0x", DEC2HEX(L66,2)) -> 0x3E
B67: 63 | D67: =CONCATENATE("0x", DEC2HEX(B67,2)) -> 0x3F | L67: 63 | N67: =CONCATENATE("0x", DEC2HEX(L67,2)) -> 0x3F
B68: 64 | D68: =CONCATENATE("0x", DEC2HEX(B68,2)) -> 0x40 | K68: 5 | L68: 64 | N68: =CONCATENATE("0x", DEC2HEX(L68,2)) -> 0x40 | S68: Light Curatin #1 이상감지
B69: 65 | D69: =CONCATENATE("0x", DEC2HEX(B69,2)) -> 0x41 | L69: 65 | N69: =CONCATENATE("0x", DEC2HEX(L69,2)) -> 0x41
B70: 66 | D70: =CONCATENATE("0x", DEC2HEX(B70,2)) -> 0x42 | L70: 66 | N70: =CONCATENATE("0x", DEC2HEX(L70,2)) -> 0x42
B71: 67 | D71: =CONCATENATE("0x", DEC2HEX(B71,2)) -> 0x43 | L71: 67 | N71: =CONCATENATE("0x", DEC2HEX(L71,2)) -> 0x43
B72: 68 | D72: =CONCATENATE("0x", DEC2HEX(B72,2)) -> 0x44 | L72: 68 | N72: =CONCATENATE("0x", DEC2HEX(L72,2)) -> 0x44
B73: 69 | D73: =CONCATENATE("0x", DEC2HEX(B73,2)) -> 0x45 | L73: 69 | N73: =CONCATENATE("0x", DEC2HEX(L73,2)) -> 0x45
B74: 70 | D74: =CONCATENATE("0x", DEC2HEX(B74,2)) -> 0x46 | L74: 70 | N74: =CONCATENATE("0x", DEC2HEX(L74,2)) -> 0x46
B75: 71 | D75: =CONCATENATE("0x", DEC2HEX(B75,2)) -> 0x47 | L75: 71 | N75: =CONCATENATE("0x", DEC2HEX(L75,2)) -> 0x47
B76: 72 | D76: =CONCATENATE("0x", DEC2HEX(B76,2)) -> 0x48 | L76: 72 | N76: =CONCATENATE("0x", DEC2HEX(L76,2)) -> 0x48
B77: 73 | D77: =CONCATENATE("0x", DEC2HEX(B77,2)) -> 0x49 | L77: 73 | N77: =CONCATENATE("0x", DEC2HEX(L77,2)) -> 0x49
B78: 74 | D78: =CONCATENATE("0x", DEC2HEX(B78,2)) -> 0x4A | L78: 74 | N78: =CONCATENATE("0x", DEC2HEX(L78,2)) -> 0x4A
B79: 75 | D79: =CONCATENATE("0x", DEC2HEX(B79,2)) -> 0x4B | L79: 75 | N79: =CONCATENATE("0x", DEC2HEX(L79,2)) -> 0x4B
B80: 76 | D80: =CONCATENATE("0x", DEC2HEX(B80,2)) -> 0x4C | L80: 76 | N80: =CONCATENATE("0x", DEC2HEX(L80,2)) -> 0x4C
... B83: 79 | D83: =CONCATENATE("0x", DEC2HEX(B83,2)) -> 0x4F | L83: 79 | N83: =CONCATENATE("0x", DEC2HEX(L83,2)) -> 0x4F
B84: 80 | D84: =CONCATENATE("0x", DEC2HEX(B84,2)) -> 0x50 | K84: 6 | L84: 80 | N84: =CONCATENATE("0x", DEC2HEX(L84,2)) -> 0x50 | S84: MST > SS-One 흡기팬 이상감지 | U84: Not Update
B85: 81 | D85: =CONCATENATE("0x", DEC2HEX(B85,2)) -> 0x51 | L85: 81 | N85: =CONCATENATE("0x", DEC2HEX(L85,2)) -> 0x51 | S85: MST > SS-One 배기팬 이상감지 | U85: Not Update
B86: 82 | D86: =CONCATENATE("0x", DEC2HEX(B86,2)) -> 0x52 | L86: 82 | N86: =CONCATENATE("0x", DEC2HEX(L86,2)) -> 0x52
B87: 83 | D87: =CONCATENATE("0x", DEC2HEX(B87,2)) -> 0x53 | L87: 83 | N87: =CONCATENATE("0x", DEC2HEX(L87,2)) -> 0x53
B88: 84 | D88: =CONCATENATE("0x", DEC2HEX(B88,2)) -> 0x54 | L88: 84 | N88: =CONCATENATE("0x", DEC2HEX(L88,2)) -> 0x54
B89: 85 | D89: =CONCATENATE("0x", DEC2HEX(B89,2)) -> 0x55 | L89: 85 | N89: =CONCATENATE("0x", DEC2HEX(L89,2)) -> 0x55
B90: 86 | D90: =CONCATENATE("0x", DEC2HEX(B90,2)) -> 0x56 | L90: 86 | N90: =CONCATENATE("0x", DEC2HEX(L90,2)) -> 0x56
B91: 87 | D91: =CONCATENATE("0x", DEC2HEX(B91,2)) -> 0x57 | L91: 87 | N91: =CONCATENATE("0x", DEC2HEX(L91,2)) -> 0x57
B92: 88 | D92: =CONCATENATE("0x", DEC2HEX(B92,2)) -> 0x58 | L92: 88 | N92: =CONCATENATE("0x", DEC2HEX(L92,2)) -> 0x58
B93: 89 | D93: =CONCATENATE("0x", DEC2HEX(B93,2)) -> 0x59 | L93: 89 | N93: =CONCATENATE("0x", DEC2HEX(L93,2)) -> 0x59
B94: 90 | D94: =CONCATENATE("0x", DEC2HEX(B94,2)) -> 0x5A | L94: 90 | N94: =CONCATENATE("0x", DEC2HEX(L94,2)) -> 0x5A
B95: 91 | D95: =CONCATENATE("0x", DEC2HEX(B95,2)) -> 0x5B | L95: 91 | N95: =CONCATENATE("0x", DEC2HEX(L95,2)) -> 0x5B
B96: 92 | D96: =CONCATENATE("0x", DEC2HEX(B96,2)) -> 0x5C | L96: 92 | N96: =CONCATENATE("0x", DEC2HEX(L96,2)) -> 0x5C
B97: 93 | D97: =CONCATENATE("0x", DEC2HEX(B97,2)) -> 0x5D | L97: 93 | N97: =CONCATENATE("0x", DEC2HEX(L97,2)) -> 0x5D
... B99: 95 | D99: =CONCATENATE("0x", DEC2HEX(B99,2)) -> 0x5F | L99: 95 | N99: =CONCATENATE("0x", DEC2HEX(L99,2)) -> 0x5F
B102: SS-One <--> R/M Communication BIT Map
A103: Master Program Comment | B103: [SS-One] --> [Master] | D103: Hex | E103: MASTER RM#1 임시버퍼 | G103: MASTER RM#2 임시버퍼 | I103: Comment | J103: 비고 | K103: Bit | L103: [Master] --> [SS-One] | N103: Hex | O103: MASTER RM#1 임시버퍼 | Q103: MASTER RM#2 임시버퍼 | S103: Comment | T103: 비고 | U103: Master Program Comment
B104: R/M#1 | C104: R/M#2 | K104: Per Word | L104: R/M#1 | M104: R/M#2
A105: Port Emergency Stop (전 축 정지) | B105: 0 | C105: 256 | D105: =CONCATENATE("0x", DEC2HEX(B105,2)) -> 0x00 | I105: MST->R/M비상정지요 구******** | J105: EMO 효과로 | K105: 1 | L105: 0 | M105: 256 | N105: =CONCATENATE("0x", DEC2HEX(L105,2)) -> 0x00 | S105: R/M->MST서 보 온가능조건******** | U105: EtherCAT 통신중이며 한 축이더라도 Servo Off인 경우 true
...

Sheet SS-One Word Communication
C1: SS-One <--> MST Communication Word Map
B2: Master Program Comment | C2: [SS-One] --> [Master] | J2: Comment | K2: 비고 | L2: Word Group | M2: [Master] --> [SS-One] | T2: Comment | U2: 비고 | V2: Master Program Comment
C3: Dec | M3: Dec
C4: 0 | E4: =CONCATENATE("0x", DEC2HEX(C4,2)) -> 0x00 | L4: 1 | M4: 0 | O4: =CONCATENATE("0x", DEC2HEX(M4,2)) -> 0x00 | T4: MST > SS-ONE 에러워 드<******> | V4: Alarm List 중 Master 영역 Word Insert
C5: 1 | E5: =CONCATENATE("0x", DEC2HEX(C5,2)) -> 0x01 | M5: 1 | O5: =CONCATENATE("0x", DEC2HEX(M5,2)) -> 0x01 | T5: MST > SS-ONE 에러워 드<******> | V5: Alarm List 중 Master 영역 Word Insert
C6: 2 | E6: =CONCATENATE("0x", DEC2HEX(C6,2)) -> 0x02 | M6: 2 | O6: =CONCATENATE("0x", DEC2HEX(M6,2)) -> 0x02 | T6: MST > SS-ONE 에러워 드<******> | V6: Alarm List 중 Master 영역 Word Insert
C7: 3 | E7: =CONCATENATE("0x", DEC2HEX(C7,2)) -> 0x03 | M7: 3 | O7: =CONCATENATE("0x", DEC2HEX(M7,2)) -> 0x03 | T7: MST > SS-ONE 에러워 드<******> | V7: Alarm List 중 Master 영역 Word Insert
C8: 4 | E8: =CONCATENATE("0x", DEC2HEX(C8,2)) -> 0x04 | M8: 4 | O8: =CONCATENATE("0x", DEC2HEX(M8,2)) -> 0x04 | T8: MST > SS-ONE 에러워 드<******> | V8: Alarm List 중 Master 영역 Word Insert
C9: 5 | E9: =CONCATENATE("0x", DEC2HEX(C9,2)) -> 0x05 | M9: 5 | O9: =CONCATENATE("0x", DEC2HEX(M9,2)) -> 0x05 | T9: MST > SS-ONE 에러워 드<******> | V9: Alarm List 중 Master 영역 Word Insert
C10: 6 | E10: =CONCATENATE("0x", DEC2HEX(C10,2)) -> 0x06 | M10: 6 | O10: =CONCATENATE("0x", DEC2HEX(M10,2)) -> 0x06 | T10: MST > SS-ONE 에러워 드<******> | V10: Alarm List 중 Master 영역 Word Insert
C11: 7 | E11: =CONCATENATE("0x", DEC2HEX(C11,2)) -> 0x07 | M11: 7 | O11: =CONCATENATE("0x", DEC2HEX(M11,2)) -> 0x07
C12: 8 | E12: =CONCATENATE("0x", DEC2HEX(C12,2)) -> 0x08 | M12: 8 | O12: =CONCATENATE("0x", DEC2HEX(M12,2)) -> 0x08 | T12: MST > SS-ONE CPS#1 1st 에러워드 | V12: Synustech 회신 (CPS Error Word는 어디서 받아오는 지?) CPS 에러워드는 CPS Type 에서 사용됩니다. 해당 코멘트 및 영역은 AlarmList(RM)영역에 추가하였습니다. (추후 Silicon Box CPS 사용시 활성화)
C13: 9 | E13: =CONCATENATE("0x", DEC2HEX(C13,2)) -> 0x09 | M13: 9 | O13: =CONCATENATE("0x", DEC2HEX(M13,2)) -> 0x09 | T13: MST > SS-ONE CPS#1 1st 에러워드
C14: 10 | E14: =CONCATENATE("0x", DEC2HEX(C14,2)) -> 0x0A | M14: 10 | O14: =CONCATENATE("0x", DEC2HEX(M14,2)) -> 0x0A | T14: MST > SS-ONE CPS#1 1st 에러워드
C15: 11 | E15: =CONCATENATE("0x", DEC2HEX(C15,2)) -> 0x0B | M15: 11 | O15: =CONCATENATE("0x", DEC2HEX(M15,2)) -> 0x0B | T15: MST > SS-ONE CPS#1 1st 에러워드
C16: 12 | E16: =CONCATENATE("0x", DEC2HEX(C16,2)) -> 0x0C | M16: 12 | O16: =CONCATENATE("0x", DEC2HEX(M16,2)) -> 0x0C | T16: MST > SS-ONE CPS#1 1st 에러워드
C17: 13 | E17: =CONCATENATE("0x", DEC2HEX(C17,2)) -> 0x0D | M17: 13 | O17: =CONCATENATE("0x", DEC2HEX(M17,2)) -> 0x0D | T17: MST > SS-ONE CPS#1 1st 에러워드
C18: 14 | E18: =CONCATENATE("0x", DEC2HEX(C18,2)) -> 0x0E | M18: 14 | O18: =CONCATENATE("0x", DEC2HEX(M18,2)) -> 0x0E | T18: MST > SS-ONE CPS#1 1st 에러워드
C19: 15 | E19: =CONCATENATE("0x", DEC2HEX(C19,2)) -> 0x0F | M19: 15 | O19: =CONCATENATE("0x", DEC2HEX(M19,2)) -> 0x0F
C20: 16 | E20: =CONCATENATE("0x", DEC2HEX(C20,2)) -> 0x10 | L20: 2 | M20: 16 | O20: =CONCATENATE("0x", DEC2HEX(M20,2)) -> 0x10
C21: 17 | E21: =CONCATENATE("0x", DEC2HEX(C21,2)) -> 0x11 | M21: 17 | O21: =CONCATENATE("0x", DEC2HEX(M21,2)) -> 0x11
C22: 18 | E22: =CONCATENATE("0x", DEC2HEX(C22,2)) -> 0x12 | M22: 18 | O22: =CONCATENATE("0x", DEC2HEX(M22,2)) -> 0x12
C23: 19 | E23: =CONCATENATE("0x", DEC2HEX(C23,2)) -> 0x13 | M23: 19 | O23: =CONCATENATE("0x", DEC2HEX(M23,2)) -> 0x13
C24: 20 | E24: =CONCATENATE("0x", DEC2HEX(C24,2)) -> 0x14 | M24: 20 | O24: =CONCATENATE("0x", DEC2HEX(M24,2)) -> 0x14
C25: 21 | E25: =CONCATENATE("0x", DEC2HEX(C25,2)) -> 0x15 | M25: 21 | O25: =CONCATENATE("0x", DEC2HEX(M25,2)) -> 0x15
C26: 22 | E26: =CONCATENATE("0x", DEC2HEX(C26,2)) -> 0x16 | M26: 22 | O26: =CONCATENATE("0x", DEC2HEX(M26,2)) -> 0x16
C27: 23 | E27: =CONCATENATE("0x", DEC2HEX(C27,2)) -> 0x17 | M27: 23 | O27: =CONCATENATE("0x", DEC2HEX(M27,2)) -> 0x17
C28: 24 | E28: =CONCATENATE("0x", DEC2HEX(C28,2)) -> 0x18 | M28: 24 | O28: =CONCATENATE("0x", DEC2HEX(M28,2)) -> 0x18
C29: 25 | E29: =CONCATENATE("0x", DEC2HEX(C29,2)) -> 0x19 | M29: 25 | O29: =CONCATENATE("0x", DEC2HEX(M29,2)) -> 0x19
C30: 26 | E30: =CONCATENATE("0x", DEC2HEX(C30,2)) -> 0x1A | M30: 26 | O30: =CONCATENATE("0x", DEC2HEX(M30,2)) -> 0x1A
C31: 27 | E31: =CONCATENATE("0x", DEC2HEX(C31,2)) -> 0x1B | M31: 27 | O31: =CONCATENATE("0x", DEC2HEX(M31,2)) -> 0x1B
C32: 28 | E32: =CONCATENATE("0x", DEC2HEX(C32,2)) -> 0x1C | M32: 28 | O32: =CONCATENATE("0x", DEC2HEX(M32,2)) -> 0x1C
... C35: 31 | E35: =CONCATENATE("0x", DEC2HEX(C35,2)) -> 0x1F | M35: 31 | O35: =CONCATENATE("0x", DEC2HEX(M35,2)) -> 0x1F
C36: 32 | E36: =CONCATENATE("0x", DEC2HEX(C36,2)) -> 0x20 | L36: 3 | M36: 32 | O36: =CONCATENATE("0x", DEC2HEX(M36,2)) -> 0x20
C37: 33 | E37: =CONCATENATE("0x", DEC2HEX(C37,2)) -> 0x21 | M37: 33 | O37: =CONCATENATE("0x", DEC2HEX(M37,2)) -> 0x21
C38: 34 | E38: =CONCATENATE("0x", DEC2HEX(C38,2)) -> 0x22 | M38: 34 | O38: =CONCATENATE("0x", DEC2HEX(M38,2)) -> 0x22
C39: 35 | E39: =CONCATENATE("0x", DEC2HEX(C39,2)) -> 0x23 | M39: 35 | O39: =CONCATENATE("0x", DEC2HEX(M39,2)) -> 0x23
C40: 36 | E40: =CONCATENATE("0x", DEC2HEX(C40,2)) -> 0x24 | M40: 36 | O40: =CONCATENATE("0x", DEC2HEX(M40,2)) -> 0x24
C41: 37 | E41: =CONCATENATE("0x", DEC2HEX(C41,2)) -> 0x25 | M41: 37 | O41: =CONCATENATE("0x", DEC2HEX(M41,2)) -> 0x25
C42: 38 | E42: =CONCATENATE("0x", DEC2HEX(C42,2)) -> 0x26 | M42: 38 | O42: =CONCATENATE("0x", DEC2HEX(M42,2)) -> 0x26
C43: 39 | E43: =CONCATENATE("0x", DEC2HEX(C43,2)) -> 0x27 | M43: 39 | O43: =CONCATENATE("0x", DEC2HEX(M43,2)) -> 0x27
C44: 40 | E44: =CONCATENATE("0x", DEC2HEX(C44,2)) -> 0x28 | M44: 40 | O44: =CONCATENATE("0x", DEC2HEX(M44,2)) -> 0x28
C45: 41 | E45: =CONCATENATE("0x", DEC2HEX(C45,2)) -> 0x29 | M45: 41 | O45: =CONCATENATE("0x", DEC2HEX(M45,2)) -> 0x29
C46: 42 | E46: =CONCATENATE("0x", DEC2HEX(C46,2)) -> 0x2A | M46: 42 | O46: =CONCATENATE("0x", DEC2HEX(M46,2)) -> 0x2A
C47: 43 | E47: =CONCATENATE("0x", DEC2HEX(C47,2)) -> 0x2B | M47: 43 | O47: =CONCATENATE("0x", DEC2HEX(M47,2)) -> 0x2B
C48: 44 | E48: =CONCATENATE("0x", DEC2HEX(C48,2)) -> 0x2C | M48: 44 | O48: =CONCATENATE("0x", DEC2HEX(M48,2)) -> 0x2C
C49: 45 | E49: =CONCATENATE("0x", DEC2HEX(C49,2)) -> 0x2D | M49: 45 | O49: =CONCATENATE("0x", DEC2HEX(M49,2)) -> 0x2D
B50: Synustech 회신 (수신 한 경우 어떤 동작을 해야 하는지?) 수신한 경우 STK 내부 설치 된 형광은을 ON 합니다. Manual(즉 PM상태인 경우에는 ON, Auto중일 때는 사용자 지정 시간(Default Value:1min)뒤 소등됩니다) | C50: 46 | E50: =CONCATENATE("0x", DEC2HEX(C50,2)) -> 0x2E | J50: CIM->MST형광등 ON 시간 | K50: 미사용 (Demo Line) | M50: 46 | O50: =CONCATENATE("0x", DEC2HEX(M50,2)) -> 0x2E | T50: MST->CIM형광등 현재 적용시간 | V50: Synustech 회신 (어디서 받아오는 지?) Auto중일 경우 사용자 지정 시간(Default Value:1min)뒤 소등됩니다)>>>>>>>>>>>>>>>Silicon Box 적용
C51: 47 | E51: =CONCATENATE("0x", DEC2HEX(C51,2)) -> 0x2F | M51: 47 | O51: =CONCATENATE("0x", DEC2HEX(M51,2)) -> 0x2F
B52: Synustech 회신 (수신 한 경우 어떤 동작을 해야 하는지?) | C52: 48 | E52: =CONCATENATE("0x", DEC2HEX(C52,2)) -> 0x30 | J52: CIM -> MST Watch dog | L52: 4 | M52: 48 | O52: =CONCATENATE("0x", DEC2HEX(M52,2)) -> 0x30 | T52: MST -> CIM Watch dog | V52: Synustech 회신 (어디서 받아오는 지?)
C53: 49 | E53: =CONCATENATE("0x", DEC2HEX(C53,2)) -> 0x31 | M53: 49 | O53: =CONCATENATE("0x", DEC2HEX(M53,2)) -> 0x31
C54: 50 | E54: =CONCATENATE("0x", DEC2HEX(C54,2)) -> 0x32 | M54: 50 | O54: =CONCATENATE("0x", DEC2HEX(M54,2)) -> 0x32 | T54: CPS#1 출력 전압 | V54: Synustech 회신 (어디서 받아오는 지?) (추후 Silicon Box CPS 사용시 활성화)
C55: 51 | E55: =CONCATENATE("0x", DEC2HEX(C55,2)) -> 0x33 | M55: 51 | O55: =CONCATENATE("0x", DEC2HEX(M55,2)) -> 0x33 | T55: CPS#1 DC 전류 | V55: Synustech 회신 (어디서 받아오는 지?) (추후 Silicon Box CPS 사용시 활성화)
C56: 52 | E56: =CONCATENATE("0x", DEC2HEX(C56,2)) -> 0x34 | M56: 52 | O56: =CONCATENATE("0x", DEC2HEX(M56,2)) -> 0x34 | T56: CPS#1 IGBT 전류 | V56: Synustech 회신 (어디서 받아오는 지?) (추후 Silicon Box CPS 사용시 활성화)
C57: 53 | E57: =CONCATENATE("0x", DEC2HEX(C57,2)) -> 0x35 | M57: 53 | O57: =CONCATENATE("0x", DEC2HEX(M57,2)) -> 0x35 | T57: CPS#1 Track 전류
C58: 54 | E58: =CONCATENATE("0x", DEC2HEX(C58,2)) -> 0x36 | M58: 54 | O58: =CONCATENATE("0x", DEC2HEX(M58,2)) -> 0x36 | T58: CPS#1 출력 주파수1 | U58: float
C59: 55 | E59: =CONCATENATE("0x", DEC2HEX(C59,2)) -> 0x37 | M59: 55 | O59: =CONCATENATE("0x", DEC2HEX(M59,2)) -> 0x37 | T59: CPS#1 출력 주파수2
C60: 56 | E60: =CONCATENATE("0x", DEC2HEX(C60,2)) -> 0x38 | M60: 56 | O60: =CONCATENATE("0x", DEC2HEX(M60,2)) -> 0x38 | T60: CPS#1 방열판 온도1 | U60: float | V60: Synustech 회신 (어디서 받아오는 지?) (추후 Silicon Box CPS 사용시 활성화)
C61: 57 | E61: =CONCATENATE("0x", DEC2HEX(C61,2)) -> 0x39 | M61: 57 | O61: =CONCATENATE("0x", DEC2HEX(M61,2)) -> 0x39 | T61: CPS#1 방열판 온도2 | V61: Synustech 회신 (어디서 받아오는 지?) (추후 Silicon Box CPS 사용시 활성화)
C62: 58 | E62: =CONCATENATE("0x", DEC2HEX(C62,2)) -> 0x3A | M62: 58 | O62: =CONCATENATE("0x", DEC2HEX(M62,2)) -> 0x3A | T62: CPS#1 내부 온도1 | U62: float | V62: Synustech 회신 (어디서 받아오는 지?) (추후 Silicon Box CPS 사용시 활성화)
C63: 59 | E63: =CONCATENATE("0x", DEC2HEX(C63,2)) -> 0x3B | M63: 59 | O63: =CONCATENATE("0x", DEC2HEX(M63,2)) -> 0x3B | T63: CPS#1 내부 온도2
C64: 60 | E64: =CONCATENATE("0x", DEC2HEX(C64,2)) -> 0x3C | M64: 60 | O64: =CONCATENATE("0x", DEC2HEX(M64,2)) -> 0x3C
C65: 61 | E65: =CONCATENATE("0x", DEC2HEX(C65,2)) -> 0x3D | M65: 61 | O65: =CONCATENATE("0x", DEC2HEX(M65,2)) -> 0x3D
C66: 62 | E66: =CONCATENATE("0x", DEC2HEX(C66,2)) -> 0x3E | M66: 62 | O66: =CONCATENATE("0x", DEC2HEX(M66,2)) -> 0x3E | V66: Synustech 회신 (어디서 받아오는 지?) (추후 Silicon Box CPS 사용시 활성화)
C67: 63 | E67: =CONCATENATE("0x", DEC2HEX(C67,2)) -> 0x3F | M67: 63 | O67: =CONCATENATE("0x", DEC2HEX(M67,2)) -> 0x3F | V67: Synustech 회신 (어디서 받아오는 지?) (추후 Silicon Box CPS 사용시 활성화)
C68: 64 | E68: =CONCATENATE("0x", DEC2HEX(C68,2)) -> 0x40 | L68: 5 | M68: 64 | O68: =CONCATENATE("0x", DEC2HEX(M68,2)) -> 0x40
C69: 65 | E69: =CONCATENATE("0x", DEC2HEX(C69,2)) -> 0x41 | M69: 65 | O69: =CONCATENATE("0x", DEC2HEX(M69,2)) -> 0x41
C70: 66 | E70: =CONCATENATE("0x", DEC2HEX(C70,2)) -> 0x42 | M70: 66 | O70: =CONCATENATE("0x", DEC2HEX(M70,2)) -> 0x42
C71: 67 | E71: =CONCATENATE("0x", DEC2HEX(C71,2)) -> 0x43 | M71: 67 | O71: =CONCATENATE("0x", DEC2HEX(M71,2)) -> 0x43
C72: 68 | E72: =CONCATENATE("0x", DEC2HEX(C72,2)) -> 0x44 | M72: 68 | O72: =CONCATENATE("0x", DEC2HEX(M72,2)) -> 0x44
C73: 69 | E73: =CONCATENATE("0x", DEC2HEX(C73,2)) -> 0x45 | M73: 69 | O73: =CONCATENATE("0x", DEC2HEX(M73,2)) -> 0x45
C74: 70 | E74: =CONCATENATE("0x", DEC2HEX(C74,2)) -> 0x46 | M74: 70 | O74: =CONCATENATE("0x", DEC2HEX(M74,2)) -> 0x46 | V74: Synustech 회신 (어디서 받아오는 지?) (추후 Silicon Box CPS 사용시 활성화)
C75: 71 | E75: =CONCATENATE("0x", DEC2HEX(C75,2)) -> 0x47 | M75: 71 | O75: =CONCATENATE("0x", DEC2HEX(M75,2)) -> 0x47 | V75: Synustech 회신 (어디서 받아오는 지?) (추후 Silicon Box CPS 사용시 활성화)
C76: 72 | E76: =CONCATENATE("0x", DEC2HEX(C76,2)) -> 0x48 | M76: 72 | O76: =CONCATENATE("0x", DEC2HEX(M76,2)) -> 0x48 | V76: Synustech 회신 (어디서 받아오는 지?) (추후 Silicon Box CPS 사용시 활성화)
C77: 73 | E77: =CONCATENATE("0x", DEC2HEX(C77,2)) -> 0x49 | M77: 73 | O77: =CONCATENATE("0x", DEC2HEX(M77,2)) -> 0x49
C78: 74 | E78: =CONCATENATE("0x", DEC2HEX(C78,2)) -> 0x4A | M78: 74 | O78: =CONCATENATE("0x", DEC2HEX(M78,2)) -> 0x4A
C79: 75 | E79: =CONCATENATE("0x", DEC2HEX(C79,2)) -> 0x4B | M79: 75 | O79: =CONCATENATE("0x", DEC2HEX(M79,2)) -> 0x4B
C80: 76 | E80: =CONCATENATE("0x", DEC2HEX(C80,2)) -> 0x4C | M80: 76 | O80: =CONCATENATE("0x", DEC2HEX(M80,2)) -> 0x4C
C81: 77 | E81: =CONCATENATE("0x", DEC2HEX(C81,2)) -> 0x4D | M81: 77 | O81: =CONCATENATE("0x", DEC2HEX(M81,2)) -> 0x4D
C82: 78 | E82: =CONCATENATE("0x", DEC2HEX(C82,2)) -> 0x4E | M82: 78 | O82: =CONCATENATE("0x", DEC2HEX(M82,2)) -> 0x4E | V82: Synustech 회신 (어디서 받아오는 지?) (추후 Silicon Box CPS 사용시 활성화)
C83: 79 | E83: =CONCATENATE("0x", DEC2HEX(C83,2)) -> 0x4F | M83: 79 | O83: =CONCATENATE("0x", DEC2HEX(M83,2)) -> 0x4F | V83: Synustech 회신 (어디서 받아오는 지?) (추후 Silicon Box CPS 사용시 활성화)
C84: 80 | E84: =CONCATENATE("0x", DEC2HEX(C84,2)) -> 0x50 | L84: 6 | M84: 80 | O84: =CONCATENATE("0x", DEC2HEX(M84,2)) -> 0x50
C85: 81 | E85: =CONCATENATE("0x", DEC2HEX(C85,2)) -> 0x51 | M85: 81 | O85: =CONCATENATE("0x", DEC2HEX(M85,2)) -> 0x51
C86: 82 | E86: =CONCATENATE("0x", DEC2HEX(C86,2)) -> 0x52 | M86: 82 | O86: =CONCATENATE("0x", DEC2HEX(M86,2)) -> 0x52
C87: 83 | E87: =CONCATENATE("0x", DEC2HEX(C87,2)) -> 0x53 | M87: 83 | O87: =CONCATENATE("0x", DEC2HEX(M87,2)) -> 0x53
C88: 84 | E88: =CONCATENATE("0x", DEC2HEX(C88,2)) -> 0x54 | M88: 84 | O88: =CONCATENATE("0x", DEC2HEX(M88,2)) -> 0x54
C89: 85 | E89: =CONCATENATE("0x", DEC2HEX(C89,2)) -> 0x55 | M89: 85 | O89: =CONCATENATE("0x", DEC2HEX(M89,2)) -> 0x55
C90: 86 | E90: =CONCATENATE("0x", DEC2HEX(C90,2)) -> 0x56 | M90: 86 | O90: =CONCATENATE("0x", DEC2HEX(M90,2)) -> 0x56
C91: 87 | E91: =CONCATENATE("0x", DEC2HEX(C91,2)) -> 0x57 | M91: 87 | O91: =CONCATENATE("0x", DEC2HEX(M91,2)) -> 0x57
C92: 88 | E92: =CONCATENATE("0x", DEC2HEX(C92,2)) -> 0x58 | M92: 88 | O92: =CONCATENATE("0x", DEC2HEX(M92,2)) -> 0x58
C93: 89 | E93: =CONCATENATE("0x", DEC2HEX(C93,2)) -> 0x59 | M93: 89 | O93: =CONCATENATE("0x", DEC2HEX(M93,2)) -> 0x59
C94: 90 | E94: =CONCATENATE("0x", DEC2HEX(C94,2)) -> 0x5A | M94: 90 | O94: =CONCATENATE("0x", DEC2HEX(M94,2)) -> 0x5A
C95: 91 | E95: =CONCATENATE("0x", DEC2HEX(C95,2)) -> 0x5B | M95: 91 | O95: =CONCATENATE("0x", DEC2HEX(M95,2)) -> 0x5B
C96: 92 | E96: =CONCATENATE("0x", DEC2HEX(C96,2)) -> 0x5C | M96: 92 | O96: =CONCATENATE("0x", DEC2HEX(M96,2)) -> 0x5C
... C99: 95 | E99: =CONCATENATE("0x", DEC2HEX(C99,2)) -> 0x5F | M99: 95 | O99: =CONCATENATE("0x", DEC2HEX(M99,2)) -> 0x5F
C102: SS-One <--> R/M Communication Word Map
B103: Master Program Comment | C103: [SS-One] --> [Master] | F103: MASTER RM#1 임시버퍼 | H103: MASTER RM#2 임시버퍼 | J103: Comment | K103: 비고 | L103: Word | M103: [Master] --> [SS-One] | P103: MASTER RM#1 임시버퍼 | R103: MASTER RM#2 임시버퍼 | T103: Comment | U103: 비고 | V103: Master Program Comment
C104: R/M#1 | D104: R/M#2 | L104: Group | M104: R/M#1 | N104: R/M#2
B105: Synustech 회신 (어떤 타이밍에 Cassette ID를 넘겨주는 지) RM->MST Access Shelf ID를 확인 하여 Port ID인 경우 | C105: 0 | D105: 256 | E105: =CONCATENATE("0x", DEC2HEX(C105,2)) -> 0x00 | J105: MST->R/MCassette아 이 디PIO Word | L105: 1 | M105: 0 | N105: 256 | O105: =CONCATENATE("0x", DEC2HEX(M105,2)) -> 0x00 | T105: R/M->MSTCassette아 이 디PIO Word | V105: Synustech 회신 (어떤 타이밍에 Cassette ID를 넘겨주는 지) TO Mode 시작 시, Master->RM 받아온다. (TO Mode Complete를 보고 초기화 or RM이 Idle이고 CST가 없을 때 초기화)
C106: 1 | D106: 257 | E106: =CONCATENATE("0x", DEC2HEX(C106,2)) -> 0x01 | J106: MST->R/MCassette아 이 디PIO Word | M106: 1 | N106: 257 | O106: =CONCATENATE("0x", DEC2HEX(M106,2)) -> 0x01 | T106: R/M->MSTCassette아 이 디PIO Word
...

Sheet Port Bit
G1: Offset | H1: =HEX2DEC(40) -> 64
C2: SSONE -> CV | F2: EQP | G2: 30101 | H2: 30102 | I2: 30103 | J2: 30104 | K2: 30201 | L2: 30202 | M2: 30203 | N2: 30204 | O2: 30301 | P2: 30302 | Q2: 30303 | R2: 30304 | S2: 30501 | T2: 30502 | U2: 30503 | V2: …
F3: DP-Fosb | G3: MGV IN (AGV기능포함) | H3: MGV OUT (AGV기능포함) | I3: AGV IN | J3: AGV OUT | K3: OHT IN (MGV기능포함) | L3: OHT OUT (MGV기능포함) | M3: OHT IN (MGV기능포함) | N3: OHT OUT (MGV기능포함) | O3: AUTO IN | P3: AUTO IN | Q3: AUTO OUT | R3: AUTO OUT | S3: EQ | T3: EQ | U3: EQ
F4: DP-Wafer | G4: MGV IN | H4: MGV OUT | I4: AGV IN | J4: AGV OUT | K4: OHT IN (MGV기능포함) | L4: OHT OUT (MGV기능포함) | M4: OHT IN (MGV기능포함) | N4: OHT OUT (MGV기능포함) | O4: AUTO IN | P4: AUTO IN | Q4: AUTO OUT | R4: AUTO OUT | S4: EQ | T4: EQ | U4: EQ
F5: RECON-CST | G5: MGV IN (AGV기능포함) | H5: MGV OUT (AGV기능포함) | I5: AGV IN | J5: AGV OUT | K5: OHT IN (MGV기능포함) | L5: OHT OUT (MGV기능포함) | M5: OHT IN (MGV기능포함) | N5: OHT OUT (MGV기능포함) | O5: AUTO IN | P5: AUTO IN | Q5: AUTO OUT | R5: AUTO OUT | S5: EQ | T5: EQ | U5: EQ
F6: RECON-OVEN | G6: MGV IN (AGV기능포함) | H6: MGV OUT (AGV기능포함) | I6: AGV IN | J6: AGV OUT | K6: OHT IN (MGV기능포함) | L6: OHT OUT (MGV기능포함) | M6: OHT IN (MGV기능포함) | N6: OHT OUT (MGV기능포함) | O6: AUTO IN | P6: AUTO IN | Q6: AUTO OUT | R6: AUTO OUT | S6: EQ | T6: EQ | U6: EQ
F7: RDL-FOUP | G7: MGV IN (AGV기능포함) | H7: MGV OUT (AGV기능포함) | I7: AGV IN | J7: AGV OUT | K7: OHT IN (MGV기능포함) | L7: OHT OUT (MGV기능포함) | M7: OHT IN (MGV기능포함) | N7: OHT OUT (MGV기능포함) | O7: AUTO IN | P7: AUTO IN | Q7: AUTO OUT | R7: AUTO OUT | S7: EQ | T7: EQ | U7: EQ
B8: 추가 예정 항목 | F8: RDL-OVEN | G8: MGV IN (AGV기능포함) | H8: MGV OUT (AGV기능포함) | I8: AGV IN | J8: AGV OUT | K8: OHT IN (MGV기능포함) | L8: OHT OUT (MGV기능포함) | M8: OHT IN (MGV기능포함) | N8: OHT OUT (MGV기능포함) | O8: AUTO IN | P8: AUTO IN | Q8: AUTO OUT | R8: AUTO OUT | S8: EQ | T8: EQ | U8: EQ
F9: EOL-CST | G9: MGV IN (AGV기능포함) | H9: MGV OUT (AGV기능포함) | I9: AGV IN | J9: AGV OUT | K9: OHT IN (MGV기능포함) | L9: OHT OUT (MGV기능포함) | M9: OHT IN (MGV기능포함) | N9: OHT OUT (MGV기능포함) | O9: AUTO IN | P9: AUTO IN | Q9: AUTO OUT | R9: AUTO OUT | S9: EQ | T9: EQ | U9: EQ
F10: DIE BANK | G10: MGV IN (AGV기능포함) | H10: MGV OUT (AGV기능포함) | I10: AGV IN | J10: AGV OUT | K10: OHT IN (MGV기능포함) | L10: OHT OUT (MGV기능포함) | M10: OHT IN (MGV기능포함) | N10: OHT OUT (MGV기능포함) | O10: AUTO IN | P10: AUTO IN | Q10: AUTO OUT | R10: AUTO OUT | S10: EQ | T10: EQ | U10: EQ
B11: Master Program Comment | C11: Comment | D11: Description | E11: DEC | F11: Bit Per Word | G11: STK->PORT | H11: STK->PORT | I11: STK->PORT | J11: STK->PORT | K11: STK->PORT | L11: STK->PORT | M11: STK->PORT | N11: STK->PORT | O11: STK->PORT | P11: STK->PORT | Q11: STK->PORT | R11: STK->PORT | S11: STK->PORT | T11: STK->PORT | U11: STK->PORT
B12: RM에서 수신한 정보와 (RM From ID or RM To ID)가 (Port ID)와 일치하면 [CIM -> Port Bit Map] 업데이트 ([RM -> CIM bit D0 ~ d3] 을 [CIM -> Port bit Map 0 ~ 3]에 Write)(Master Mode인 경우만) | C12: TR-REQ | E12: 0 | F12: 1 | G12: =CONCATENATE("0x",DEC2HEX(E12,4)) -> 0x0000 | H12: =CONCATENATE("0x",DEC2HEX(E12 + (64 * 1),4)) -> 0x0040 | I12: =CONCATENATE("0x",DEC2HEX(E12 + (64 * 2),4)) -> 0x0080 | J12: =CONCATENATE("0x",DEC2HEX(E12 + (64 * 3),4)) -> 0x00C0 | K12: =CONCATENATE("0x",DEC2HEX(E12 + (64 * 4),4)) -> 0x0100 | L12: =CONCATENATE("0x",DEC2HEX(E12 + (64 * 5),4)) -> 0x0140 | M12: =CONCATENATE("0x",DEC2HEX(E12 + (64 * 6),4)) -> 0x0180 | N12: =CONCATENATE("0x",DEC2HEX(E12 + (64 * 7),4)) -> 0x01C0 | O12: =CONCATENATE("0x",DEC2HEX(E12 + (64 * 8),4)) -> 0x0200 | P12: =CONCATENATE("0x",DEC2HEX(E12 + (64 * 9),4)) -> 0x0240 | Q12: =CONCATENATE("0x",DEC2HEX(E12 + (64 * 10),4)) -> 0x0280 | R12: =CONCATENATE("0x",DEC2HEX(E12 + (64 * 11),4)) -> 0x02C0 | S12: =CONCATENATE("0x",DEC2HEX(E12 + (64 * 12),4)) -> 0x0300 | T12: =CONCATENATE("0x",DEC2HEX(E12 + (64 * 13),4)) -> 0x0340 | U12: =CONCATENATE("0x",DEC2HEX(E12 + (64 * 14),4)) -> 0x0380
C13: BUSY | E13: 1 | G13: =CONCATENATE("0x",DEC2HEX(E13,4)) -> 0x0001 | H13: =CONCATENATE("0x",DEC2HEX(E13 + (64 * 1),4)) -> 0x0041 | I13: =CONCATENATE("0x",DEC2HEX(E13 + (64 * 2),4)) -> 0x0081 | J13: =CONCATENATE("0x",DEC2HEX(E13 + (64 * 3),4)) -> 0x00C1 | K13: =CONCATENATE("0x",DEC2HEX(E13 + (64 * 4),4)) -> 0x0101 | L13: =CONCATENATE("0x",DEC2HEX(E13 + (64 * 5),4)) -> 0x0141 | M13: =CONCATENATE("0x",DEC2HEX(E13 + (64 * 6),4)) -> 0x0181 | N13: =CONCATENATE("0x",DEC2HEX(E13 + (64 * 7),4)) -> 0x01C1 | O13: =CONCATENATE("0x",DEC2HEX(E13 + (64 * 8),4)) -> 0x0201 | P13: =CONCATENATE("0x",DEC2HEX(E13 + (64 * 9),4)) -> 0x0241 | Q13: =CONCATENATE("0x",DEC2HEX(E13 + (64 * 10),4)) -> 0x0281 | R13: =CONCATENATE("0x",DEC2HEX(E13 + (64 * 11),4)) -> 0x02C1 | S13: =CONCATENATE("0x",DEC2HEX(E13 + (64 * 12),4)) -> 0x0301 | T13: =CONCATENATE("0x",DEC2HEX(E13 + (64 * 13),4)) -> 0x0341 | U13: =CONCATENATE("0x",DEC2HEX(E13 + (64 * 14),4)) -> 0x0381
C14: COMPLETE | E14: 2 | G14: =CONCATENATE("0x",DEC2HEX(E14,4)) -> 0x0002 | H14: =CONCATENATE("0x",DEC2HEX(E14 + (64 * 1),4)) -> 0x0042 | I14: =CONCATENATE("0x",DEC2HEX(E14 + (64 * 2),4)) -> 0x0082 | J14: =CONCATENATE("0x",DEC2HEX(E14 + (64 * 3),4)) -> 0x00C2 | K14: =CONCATENATE("0x",DEC2HEX(E14 + (64 * 4),4)) -> 0x0102 | L14: =CONCATENATE("0x",DEC2HEX(E14 + (64 * 5),4)) -> 0x0142 | M14: =CONCATENATE("0x",DEC2HEX(E14 + (64 * 6),4)) -> 0x0182 | N14: =CONCATENATE("0x",DEC2HEX(E14 + (64 * 7),4)) -> 0x01C2 | O14: =CONCATENATE("0x",DEC2HEX(E14 + (64 * 8),4)) -> 0x0202 | P14: =CONCATENATE("0x",DEC2HEX(E14 + (64 * 9),4)) -> 0x0242 | Q14: =CONCATENATE("0x",DEC2HEX(E14 + (64 * 10),4)) -> 0x0282 | R14: =CONCATENATE("0x",DEC2HEX(E14 + (64 * 11),4)) -> 0x02C2 | S14: =CONCATENATE("0x",DEC2HEX(E14 + (64 * 12),4)) -> 0x0302 | T14: =CONCATENATE("0x",DEC2HEX(E14 + (64 * 13),4)) -> 0x0342 | U14: =CONCATENATE("0x",DEC2HEX(E14 + (64 * 14),4)) -> 0x0382
C15: STK ERROR | E15: 3 | G15: =CONCATENATE("0x",DEC2HEX(E15,4)) -> 0x0003 | H15: =CONCATENATE("0x",DEC2HEX(E15 + (64 * 1),4)) -> 0x0043 | I15: =CONCATENATE("0x",DEC2HEX(E15 + (64 * 2),4)) -> 0x0083 | J15: =CONCATENATE("0x",DEC2HEX(E15 + (64 * 3),4)) -> 0x00C3 | K15: =CONCATENATE("0x",DEC2HEX(E15 + (64 * 4),4)) -> 0x0103 | L15: =CONCATENATE("0x",DEC2HEX(E15 + (64 * 5),4)) -> 0x0143 | M15: =CONCATENATE("0x",DEC2HEX(E15 + (64 * 6),4)) -> 0x0183 | N15: =CONCATENATE("0x",DEC2HEX(E15 + (64 * 7),4)) -> 0x01C3 | O15: =CONCATENATE("0x",DEC2HEX(E15 + (64 * 8),4)) -> 0x0203 | P15: =CONCATENATE("0x",DEC2HEX(E15 + (64 * 9),4)) -> 0x0243 | Q15: =CONCATENATE("0x",DEC2HEX(E15 + (64 * 10),4)) -> 0x0283 | R15: =CONCATENATE("0x",DEC2HEX(E15 + (64 * 11),4)) -> 0x02C3 | S15: =CONCATENATE("0x",DEC2HEX(E15 + (64 * 12),4)) -> 0x0303 | T15: =CONCATENATE("0x",DEC2HEX(E15 + (64 * 13),4)) -> 0x0343 | U15: =CONCATENATE("0x",DEC2HEX(E15 + (64 * 14),4)) -> 0x0383
C16: RESERVED | E16: 4 | G16: =CONCATENATE("0x",DEC2HEX(E16,4)) -> 0x0004 | H16: =CONCATENATE("0x",DEC2HEX(E16 + (64 * 1),4)) -> 0x0044 | I16: =CONCATENATE("0x",DEC2HEX(E16 + (64 * 2),4)) -> 0x0084 | J16: =CONCATENATE("0x",DEC2HEX(E16 + (64 * 3),4)) -> 0x00C4 | K16: =CONCATENATE("0x",DEC2HEX(E16 + (64 * 4),4)) -> 0x0104 | L16: =CONCATENATE("0x",DEC2HEX(E16 + (64 * 5),4)) -> 0x0144 | M16: =CONCATENATE("0x",DEC2HEX(E16 + (64 * 6),4)) -> 0x0184 | N16: =CONCATENATE("0x",DEC2HEX(E16 + (64 * 7),4)) -> 0x01C4 | O16: =CONCATENATE("0x",DEC2HEX(E16 + (64 * 8),4)) -> 0x0204 | P16: =CONCATENATE("0x",DEC2HEX(E16 + (64 * 9),4)) -> 0x0244 | Q16: =CONCATENATE("0x",DEC2HEX(E16 + (64 * 10),4)) -> 0x0284 | R16: =CONCATENATE("0x",DEC2HEX(E16 + (64 * 11),4)) -> 0x02C4 | S16: =CONCATENATE("0x",DEC2HEX(E16 + (64 * 12),4)) -> 0x0304 | T16: =CONCATENATE("0x",DEC2HEX(E16 + (64 * 13),4)) -> 0x0344 | U16: =CONCATENATE("0x",DEC2HEX(E16 + (64 * 14),4)) -> 0x0384
C17: OUTPUT REQ | E17: 5 | G17: =CONCATENATE("0x",DEC2HEX(E17,4)) -> 0x0005 | H17: =CONCATENATE("0x",DEC2HEX(E17 + (64 * 1),4)) -> 0x0045 | I17: =CONCATENATE("0x",DEC2HEX(E17 + (64 * 2),4)) -> 0x0085 | J17: =CONCATENATE("0x",DEC2HEX(E17 + (64 * 3),4)) -> 0x00C5 | K17: =CONCATENATE("0x",DEC2HEX(E17 + (64 * 4),4)) -> 0x0105 | L17: =CONCATENATE("0x",DEC2HEX(E17 + (64 * 5),4)) -> 0x0145 | M17: =CONCATENATE("0x",DEC2HEX(E17 + (64 * 6),4)) -> 0x0185 | N17: =CONCATENATE("0x",DEC2HEX(E17 + (64 * 7),4)) -> 0x01C5 | O17: =CONCATENATE("0x",DEC2HEX(E17 + (64 * 8),4)) -> 0x0205 | P17: =CONCATENATE("0x",DEC2HEX(E17 + (64 * 9),4)) -> 0x0245 | Q17: =CONCATENATE("0x",DEC2HEX(E17 + (64 * 10),4)) -> 0x0285 | R17: =CONCATENATE("0x",DEC2HEX(E17 + (64 * 11),4)) -> 0x02C5 | S17: =CONCATENATE("0x",DEC2HEX(E17 + (64 * 12),4)) -> 0x0305 | T17: =CONCATENATE("0x",DEC2HEX(E17 + (64 * 13),4)) -> 0x0345 | U17: =CONCATENATE("0x",DEC2HEX(E17 + (64 * 14),4)) -> 0x0385
C18: RESERVED | E18: 6 | G18: =CONCATENATE("0x",DEC2HEX(E18,4)) -> 0x0006 | H18: =CONCATENATE("0x",DEC2HEX(E18 + (64 * 1),4)) -> 0x0046 | I18: =CONCATENATE("0x",DEC2HEX(E18 + (64 * 2),4)) -> 0x0086 | J18: =CONCATENATE("0x",DEC2HEX(E18 + (64 * 3),4)) -> 0x00C6 | K18: =CONCATENATE("0x",DEC2HEX(E18 + (64 * 4),4)) -> 0x0106 | L18: =CONCATENATE("0x",DEC2HEX(E18 + (64 * 5),4)) -> 0x0146 | M18: =CONCATENATE("0x",DEC2HEX(E18 + (64 * 6),4)) -> 0x0186 | N18: =CONCATENATE("0x",DEC2HEX(E18 + (64 * 7),4)) -> 0x01C6 | O18: =CONCATENATE("0x",DEC2HEX(E18 + (64 * 8),4)) -> 0x0206 | P18: =CONCATENATE("0x",DEC2HEX(E18 + (64 * 9),4)) -> 0x0246 | Q18: =CONCATENATE("0x",DEC2HEX(E18 + (64 * 10),4)) -> 0x0286 | R18: =CONCATENATE("0x",DEC2HEX(E18 + (64 * 11),4)) -> 0x02C6 | S18: =CONCATENATE("0x",DEC2HEX(E18 + (64 * 12),4)) -> 0x0306 | T18: =CONCATENATE("0x",DEC2HEX(E18 + (64 * 13),4)) -> 0x0346 | U18: =CONCATENATE("0x",DEC2HEX(E18 + (64 * 14),4)) -> 0x0386
B19: RM 반송 진행중 (별 다른 체크 루틴 없음) | C19: TRANSFERLING | E19: 7 | G19: =CONCATENATE("0x",DEC2HEX(E19,4)) -> 0x0007 | H19: =CONCATENATE("0x",DEC2HEX(E19 + (64 * 1),4)) -> 0x0047 | I19: =CONCATENATE("0x",DEC2HEX(E19 + (64 * 2),4)) -> 0x0087 | J19: =CONCATENATE("0x",DEC2HEX(E19 + (64 * 3),4)) -> 0x00C7 | K19: =CONCATENATE("0x",DEC2HEX(E19 + (64 * 4),4)) -> 0x0107 | L19: =CONCATENATE("0x",DEC2HEX(E19 + (64 * 5),4)) -> 0x0147 | M19: =CONCATENATE("0x",DEC2HEX(E19 + (64 * 6),4)) -> 0x0187 | N19: =CONCATENATE("0x",DEC2HEX(E19 + (64 * 7),4)) -> 0x01C7 | O19: =CONCATENATE("0x",DEC2HEX(E19 + (64 * 8),4)) -> 0x0207 | P19: =CONCATENATE("0x",DEC2HEX(E19 + (64 * 9),4)) -> 0x0247 | Q19: =CONCATENATE("0x",DEC2HEX(E19 + (64 * 10),4)) -> 0x0287 | R19: =CONCATENATE("0x",DEC2HEX(E19 + (64 * 11),4)) -> 0x02C7 | S19: =CONCATENATE("0x",DEC2HEX(E19 + (64 * 12),4)) -> 0x0307 | T19: =CONCATENATE("0x",DEC2HEX(E19 + (64 * 13),4)) -> 0x0347 | U19: =CONCATENATE("0x",DEC2HEX(E19 + (64 * 14),4)) -> 0x0387
C20: LIGHT CURTIAN | E20: 8 | G20: =CONCATENATE("0x",DEC2HEX(E20,4)) -> 0x0008 | H20: =CONCATENATE("0x",DEC2HEX(E20 + (64 * 1),4)) -> 0x0048 | I20: =CONCATENATE("0x",DEC2HEX(E20 + (64 * 2),4)) -> 0x0088 | J20: =CONCATENATE("0x",DEC2HEX(E20 + (64 * 3),4)) -> 0x00C8 | K20: =CONCATENATE("0x",DEC2HEX(E20 + (64 * 4),4)) -> 0x0108 | L20: =CONCATENATE("0x",DEC2HEX(E20 + (64 * 5),4)) -> 0x0148 | M20: =CONCATENATE("0x",DEC2HEX(E20 + (64 * 6),4)) -> 0x0188 | N20: =CONCATENATE("0x",DEC2HEX(E20 + (64 * 7),4)) -> 0x01C8 | O20: =CONCATENATE("0x",DEC2HEX(E20 + (64 * 8),4)) -> 0x0208 | P20: =CONCATENATE("0x",DEC2HEX(E20 + (64 * 9),4)) -> 0x0248 | Q20: =CONCATENATE("0x",DEC2HEX(E20 + (64 * 10),4)) -> 0x0288 | R20: =CONCATENATE("0x",DEC2HEX(E20 + (64 * 11),4)) -> 0x02C8 | S20: =CONCATENATE("0x",DEC2HEX(E20 + (64 * 12),4)) -> 0x0308 | T20: =CONCATENATE("0x",DEC2HEX(E20 + (64 * 13),4)) -> 0x0348 | U20: =CONCATENATE("0x",DEC2HEX(E20 + (64 * 14),4)) -> 0x0388
C21: RESERVED | E21: 9 | G21: =CONCATENATE("0x",DEC2HEX(E21,4)) -> 0x0009 | H21: =CONCATENATE("0x",DEC2HEX(E21 + (64 * 1),4)) -> 0x0049 | I21: =CONCATENATE("0x",DEC2HEX(E21 + (64 * 2),4)) -> 0x0089 | J21: =CONCATENATE("0x",DEC2HEX(E21 + (64 * 3),4)) -> 0x00C9 | K21: =CONCATENATE("0x",DEC2HEX(E21 + (64 * 4),4)) -> 0x0109 | L21: =CONCATENATE("0x",DEC2HEX(E21 + (64 * 5),4)) -> 0x0149 | M21: =CONCATENATE("0x",DEC2HEX(E21 + (64 * 6),4)) -> 0x0189 | N21: =CONCATENATE("0x",DEC2HEX(E21 + (64 * 7),4)) -> 0x01C9 | O21: =CONCATENATE("0x",DEC2HEX(E21 + (64 * 8),4)) -> 0x0209 | P21: =CONCATENATE("0x",DEC2HEX(E21 + (64 * 9),4)) -> 0x0249 | Q21: =CONCATENATE("0x",DEC2HEX(E21 + (64 * 10),4)) -> 0x0289 | R21: =CONCATENATE("0x",DEC2HEX(E21 + (64 * 11),4)) -> 0x02C9 | S21: =CONCATENATE("0x",DEC2HEX(E21 + (64 * 12),4)) -> 0x0309 | T21: =CONCATENATE("0x",DEC2HEX(E21 + (64 * 13),4)) -> 0x0349 | U21: =CONCATENATE("0x",DEC2HEX(E21 + (64 * 14),4)) -> 0x0389
C22: RESERVED | E22: 10 | G22: =CONCATENATE("0x",DEC2HEX(E22,4)) -> 0x000A | H22: =CONCATENATE("0x",DEC2HEX(E22 + (64 * 1),4)) -> 0x004A | I22: =CONCATENATE("0x",DEC2HEX(E22 + (64 * 2),4)) -> 0x008A | J22: =CONCATENATE("0x",DEC2HEX(E22 + (64 * 3),4)) -> 0x00CA | K22: =CONCATENATE("0x",DEC2HEX(E22 + (64 * 4),4)) -> 0x010A | L22: =CONCATENATE("0x",DEC2HEX(E22 + (64 * 5),4)) -> 0x014A | M22: =CONCATENATE("0x",DEC2HEX(E22 + (64 * 6),4)) -> 0x018A | N22: =CONCATENATE("0x",DEC2HEX(E22 + (64 * 7),4)) -> 0x01CA | O22: =CONCATENATE("0x",DEC2HEX(E22 + (64 * 8),4)) -> 0x020A | P22: =CONCATENATE("0x",DEC2HEX(E22 + (64 * 9),4)) -> 0x024A | Q22: =CONCATENATE("0x",DEC2HEX(E22 + (64 * 10),4)) -> 0x028A | R22: =CONCATENATE("0x",DEC2HEX(E22 + (64 * 11),4)) -> 0x02CA | S22: =CONCATENATE("0x",DEC2HEX(E22 + (64 * 12),4)) -> 0x030A | T22: =CONCATENATE("0x",DEC2HEX(E22 + (64 * 13),4)) -> 0x034A | U22: =CONCATENATE("0x",DEC2HEX(E22 + (64 * 14),4)) -> 0x038A
C23: RESERVED | E23: 11 | G23: =CONCATENATE("0x",DEC2HEX(E23,4)) -> 0x000B | H23: =CONCATENATE("0x",DEC2HEX(E23 + (64 * 1),4)) -> 0x004B | I23: =CONCATENATE("0x",DEC2HEX(E23 + (64 * 2),4)) -> 0x008B | J23: =CONCATENATE("0x",DEC2HEX(E23 + (64 * 3),4)) -> 0x00CB | K23: =CONCATENATE("0x",DEC2HEX(E23 + (64 * 4),4)) -> 0x010B | L23: =CONCATENATE("0x",DEC2HEX(E23 + (64 * 5),4)) -> 0x014B | M23: =CONCATENATE("0x",DEC2HEX(E23 + (64 * 6),4)) -> 0x018B | N23: =CONCATENATE("0x",DEC2HEX(E23 + (64 * 7),4)) -> 0x01CB | O23: =CONCATENATE("0x",DEC2HEX(E23 + (64 * 8),4)) -> 0x020B | P23: =CONCATENATE("0x",DEC2HEX(E23 + (64 * 9),4)) -> 0x024B | Q23: =CONCATENATE("0x",DEC2HEX(E23 + (64 * 10),4)) -> 0x028B | R23: =CONCATENATE("0x",DEC2HEX(E23 + (64 * 11),4)) -> 0x02CB | S23: =CONCATENATE("0x",DEC2HEX(E23 + (64 * 12),4)) -> 0x030B | T23: =CONCATENATE("0x",DEC2HEX(E23 + (64 * 13),4)) -> 0x034B | U23: =CONCATENATE("0x",DEC2HEX(E23 + (64 * 14),4)) -> 0x038B
C24: RESERVED | E24: 12 | G24: =CONCATENATE("0x",DEC2HEX(E24,4)) -> 0x000C | H24: =CONCATENATE("0x",DEC2HEX(E24 + (64 * 1),4)) -> 0x004C | I24: =CONCATENATE("0x",DEC2HEX(E24 + (64 * 2),4)) -> 0x008C | J24: =CONCATENATE("0x",DEC2HEX(E24 + (64 * 3),4)) -> 0x00CC | K24: =CONCATENATE("0x",DEC2HEX(E24 + (64 * 4),4)) -> 0x010C | L24: =CONCATENATE("0x",DEC2HEX(E24 + (64 * 5),4)) -> 0x014C | M24: =CONCATENATE("0x",DEC2HEX(E24 + (64 * 6),4)) -> 0x018C | N24: =CONCATENATE("0x",DEC2HEX(E24 + (64 * 7),4)) -> 0x01CC | O24: =CONCATENATE("0x",DEC2HEX(E24 + (64 * 8),4)) -> 0x020C | P24: =CONCATENATE("0x",DEC2HEX(E24 + (64 * 9),4)) -> 0x024C | Q24: =CONCATENATE("0x",DEC2HEX(E24 + (64 * 10),4)) -> 0x028C | R24: =CONCATENATE("0x",DEC2HEX(E24 + (64 * 11),4)) -> 0x02CC | S24: =CONCATENATE("0x",DEC2HEX(E24 + (64 * 12),4)) -> 0x030C | T24: =CONCATENATE("0x",DEC2HEX(E24 + (64 * 13),4)) -> 0x034C | U24: =CONCATENATE("0x",DEC2HEX(E24 + (64 * 14),4)) -> 0x038C
C25: RESERVED | E25: 13 | G25: =CONCATENATE("0x",DEC2HEX(E25,4)) -> 0x000D | H25: =CONCATENATE("0x",DEC2HEX(E25 + (64 * 1),4)) -> 0x004D | I25: =CONCATENATE("0x",DEC2HEX(E25 + (64 * 2),4)) -> 0x008D | J25: =CONCATENATE("0x",DEC2HEX(E25 + (64 * 3),4)) -> 0x00CD | K25: =CONCATENATE("0x",DEC2HEX(E25 + (64 * 4),4)) -> 0x010D | L25: =CONCATENATE("0x",DEC2HEX(E25 + (64 * 5),4)) -> 0x014D | M25: =CONCATENATE("0x",DEC2HEX(E25 + (64 * 6),4)) -> 0x018D | N25: =CONCATENATE("0x",DEC2HEX(E25 + (64 * 7),4)) -> 0x01CD | O25: =CONCATENATE("0x",DEC2HEX(E25 + (64 * 8),4)) -> 0x020D | P25: =CONCATENATE("0x",DEC2HEX(E25 + (64 * 9),4)) -> 0x024D | Q25: =CONCATENATE("0x",DEC2HEX(E25 + (64 * 10),4)) -> 0x028D | R25: =CONCATENATE("0x",DEC2HEX(E25 + (64 * 11),4)) -> 0x02CD | S25: =CONCATENATE("0x",DEC2HEX(E25 + (64 * 12),4)) -> 0x030D | T25: =CONCATENATE("0x",DEC2HEX(E25 + (64 * 13),4)) -> 0x034D | U25: =CONCATENATE("0x",DEC2HEX(E25 + (64 * 14),4)) -> 0x038D
C26: RESERVED | E26: 14 | G26: =CONCATENATE("0x",DEC2HEX(E26,4)) -> 0x000E | H26: =CONCATENATE("0x",DEC2HEX(E26 + (64 * 1),4)) -> 0x004E | I26: =CONCATENATE("0x",DEC2HEX(E26 + (64 * 2),4)) -> 0x008E | J26: =CONCATENATE("0x",DEC2HEX(E26 + (64 * 3),4)) -> 0x00CE | K26: =CONCATENATE("0x",DEC2HEX(E26 + (64 * 4),4)) -> 0x010E | L26: =CONCATENATE("0x",DEC2HEX(E26 + (64 * 5),4)) -> 0x014E | M26: =CONCATENATE("0x",DEC2HEX(E26 + (64 * 6),4)) -> 0x018E | N26: =CONCATENATE("0x",DEC2HEX(E26 + (64 * 7),4)) -> 0x01CE | O26: =CONCATENATE("0x",DEC2HEX(E26 + (64 * 8),4)) -> 0x020E | P26: =CONCATENATE("0x",DEC2HEX(E26 + (64 * 9),4)) -> 0x024E | Q26: =CONCATENATE("0x",DEC2HEX(E26 + (64 * 10),4)) -> 0x028E | R26: =CONCATENATE("0x",DEC2HEX(E26 + (64 * 11),4)) -> 0x02CE | S26: =CONCATENATE("0x",DEC2HEX(E26 + (64 * 12),4)) -> 0x030E | T26: =CONCATENATE("0x",DEC2HEX(E26 + (64 * 13),4)) -> 0x034E | U26: =CONCATENATE("0x",DEC2HEX(E26 + (64 * 14),4)) -> 0x038E
C27: RESERVED | E27: 15 | G27: =CONCATENATE("0x",DEC2HEX(E27,4)) -> 0x000F | H27: =CONCATENATE("0x",DEC2HEX(E27 + (64 * 1),4)) -> 0x004F | I27: =CONCATENATE("0x",DEC2HEX(E27 + (64 * 2),4)) -> 0x008F | J27: =CONCATENATE("0x",DEC2HEX(E27 + (64 * 3),4)) -> 0x00CF | K27: =CONCATENATE("0x",DEC2HEX(E27 + (64 * 4),4)) -> 0x010F | L27: =CONCATENATE("0x",DEC2HEX(E27 + (64 * 5),4)) -> 0x014F | M27: =CONCATENATE("0x",DEC2HEX(E27 + (64 * 6),4)) -> 0x018F | N27: =CONCATENATE("0x",DEC2HEX(E27 + (64 * 7),4)) -> 0x01CF | O27: =CONCATENATE("0x",DEC2HEX(E27 + (64 * 8),4)) -> 0x020F | P27: =CONCATENATE("0x",DEC2HEX(E27 + (64 * 9),4)) -> 0x024F | Q27: =CONCATENATE("0x",DEC2HEX(E27 + (64 * 10),4)) -> 0x028F | R27: =CONCATENATE("0x",DEC2HEX(E27 + (64 * 11),4)) -> 0x02CF | S27: =CONCATENATE("0x",DEC2HEX(E27 + (64 * 12),4)) -> 0x030F | T27: =CONCATENATE("0x",DEC2HEX(E27 + (64 * 13),4)) -> 0x034F | U27: =CONCATENATE("0x",DEC2HEX(E27 + (64 * 14),4)) -> 0x038F
C28: RESERVED | D28: CIM 지령 | E28: 16 | F28: 2 | G28: =CONCATENATE("0x",DEC2HEX(E28,4)) -> 0x0010 | H28: =CONCATENATE("0x",DEC2HEX(E28 + (64 * 1),4)) -> 0x0050 | I28: =CONCATENATE("0x",DEC2HEX(E28 + (64 * 2),4)) -> 0x0090 | J28: =CONCATENATE("0x",DEC2HEX(E28 + (64 * 3),4)) -> 0x00D0 | K28: =CONCATENATE("0x",DEC2HEX(E28 + (64 * 4),4)) -> 0x0110 | L28: =CONCATENATE("0x",DEC2HEX(E28 + (64 * 5),4)) -> 0x0150 | M28: =CONCATENATE("0x",DEC2HEX(E28 + (64 * 6),4)) -> 0x0190 | N28: =CONCATENATE("0x",DEC2HEX(E28 + (64 * 7),4)) -> 0x01D0 | O28: =CONCATENATE("0x",DEC2HEX(E28 + (64 * 8),4)) -> 0x0210 | P28: =CONCATENATE("0x",DEC2HEX(E28 + (64 * 9),4)) -> 0x0250 | Q28: =CONCATENATE("0x",DEC2HEX(E28 + (64 * 10),4)) -> 0x0290 | R28: =CONCATENATE("0x",DEC2HEX(E28 + (64 * 11),4)) -> 0x02D0 | S28: =CONCATENATE("0x",DEC2HEX(E28 + (64 * 12),4)) -> 0x0310 | T28: =CONCATENATE("0x",DEC2HEX(E28 + (64 * 13),4)) -> 0x0350 | U28: =CONCATENATE("0x",DEC2HEX(E28 + (64 * 14),4)) -> 0x0390
B29: Run Enable[Port->CIM bit 17] true 상태면 Auto Control Start() 실행 | C29: RUN REQ - CIM | E29: 17 | G29: =CONCATENATE("0x",DEC2HEX(E29,4)) -> 0x0011 | H29: =CONCATENATE("0x",DEC2HEX(E29 + (64 * 1),4)) -> 0x0051 | I29: =CONCATENATE("0x",DEC2HEX(E29 + (64 * 2),4)) -> 0x0091 | J29: =CONCATENATE("0x",DEC2HEX(E29 + (64 * 3),4)) -> 0x00D1 | K29: =CONCATENATE("0x",DEC2HEX(E29 + (64 * 4),4)) -> 0x0111 | L29: =CONCATENATE("0x",DEC2HEX(E29 + (64 * 5),4)) -> 0x0151 | M29: =CONCATENATE("0x",DEC2HEX(E29 + (64 * 6),4)) -> 0x0191 | N29: =CONCATENATE("0x",DEC2HEX(E29 + (64 * 7),4)) -> 0x01D1 | O29: =CONCATENATE("0x",DEC2HEX(E29 + (64 * 8),4)) -> 0x0211 | P29: =CONCATENATE("0x",DEC2HEX(E29 + (64 * 9),4)) -> 0x0251 | Q29: =CONCATENATE("0x",DEC2HEX(E29 + (64 * 10),4)) -> 0x0291 | R29: =CONCATENATE("0x",DEC2HEX(E29 + (64 * 11),4)) -> 0x02D1 | S29: =CONCATENATE("0x",DEC2HEX(E29 + (64 * 12),4)) -> 0x0311 | T29: =CONCATENATE("0x",DEC2HEX(E29 + (64 * 13),4)) -> 0x0351 | U29: =CONCATENATE("0x",DEC2HEX(E29 + (64 * 14),4)) -> 0x0391
B30: Stop Enable [Port->CIM bit 18] true 상태면 Stop Auto Control() | C30: STOP REQ - CIM | E30: 18 | G30: =CONCATENATE("0x",DEC2HEX(E30,4)) -> 0x0012 | H30: =CONCATENATE("0x",DEC2HEX(E30 + (64 * 1),4)) -> 0x0052 | I30: =CONCATENATE("0x",DEC2HEX(E30 + (64 * 2),4)) -> 0x0092 | J30: =CONCATENATE("0x",DEC2HEX(E30 + (64 * 3),4)) -> 0x00D2 | K30: =CONCATENATE("0x",DEC2HEX(E30 + (64 * 4),4)) -> 0x0112 | L30: =CONCATENATE("0x",DEC2HEX(E30 + (64 * 5),4)) -> 0x0152 | M30: =CONCATENATE("0x",DEC2HEX(E30 + (64 * 6),4)) -> 0x0192 | N30: =CONCATENATE("0x",DEC2HEX(E30 + (64 * 7),4)) -> 0x01D2 | O30: =CONCATENATE("0x",DEC2HEX(E30 + (64 * 8),4)) -> 0x0212 | P30: =CONCATENATE("0x",DEC2HEX(E30 + (64 * 9),4)) -> 0x0252 | Q30: =CONCATENATE("0x",DEC2HEX(E30 + (64 * 10),4)) -> 0x0292 | R30: =CONCATENATE("0x",DEC2HEX(E30 + (64 * 11),4)) -> 0x02D2 | S30: =CONCATENATE("0x",DEC2HEX(E30 + (64 * 12),4)) -> 0x0312 | T30: =CONCATENATE("0x",DEC2HEX(E30 + (64 * 13),4)) -> 0x0352 | U30: =CONCATENATE("0x",DEC2HEX(E30 + (64 * 14),4)) -> 0x0392
C31: RESERVED | E31: 19 | G31: =CONCATENATE("0x",DEC2HEX(E31,4)) -> 0x0013 | H31: =CONCATENATE("0x",DEC2HEX(E31 + (64 * 1),4)) -> 0x0053 | I31: =CONCATENATE("0x",DEC2HEX(E31 + (64 * 2),4)) -> 0x0093 | J31: =CONCATENATE("0x",DEC2HEX(E31 + (64 * 3),4)) -> 0x00D3 | K31: =CONCATENATE("0x",DEC2HEX(E31 + (64 * 4),4)) -> 0x0113 | L31: =CONCATENATE("0x",DEC2HEX(E31 + (64 * 5),4)) -> 0x0153 | M31: =CONCATENATE("0x",DEC2HEX(E31 + (64 * 6),4)) -> 0x0193 | N31: =CONCATENATE("0x",DEC2HEX(E31 + (64 * 7),4)) -> 0x01D3 | O31: =CONCATENATE("0x",DEC2HEX(E31 + (64 * 8),4)) -> 0x0213 | P31: =CONCATENATE("0x",DEC2HEX(E31 + (64 * 9),4)) -> 0x0253 | Q31: =CONCATENATE("0x",DEC2HEX(E31 + (64 * 10),4)) -> 0x0293 | R31: =CONCATENATE("0x",DEC2HEX(E31 + (64 * 11),4)) -> 0x02D3 | S31: =CONCATENATE("0x",DEC2HEX(E31 + (64 * 12),4)) -> 0x0313 | T31: =CONCATENATE("0x",DEC2HEX(E31 + (64 * 13),4)) -> 0x0353 | U31: =CONCATENATE("0x",DEC2HEX(E31 + (64 * 14),4)) -> 0x0393
B32: Power On Req [CIM -> Port bit 20] == true && Power On Enable [Port -> CIM bit 20] == true 면 Servo On | C32: POWE ON REQ - CIM | E32: 20 | G32: =CONCATENATE("0x",DEC2HEX(E32,4)) -> 0x0014 | H32: =CONCATENATE("0x",DEC2HEX(E32 + (64 * 1),4)) -> 0x0054 | I32: =CONCATENATE("0x",DEC2HEX(E32 + (64 * 2),4)) -> 0x0094 | J32: =CONCATENATE("0x",DEC2HEX(E32 + (64 * 3),4)) -> 0x00D4 | K32: =CONCATENATE("0x",DEC2HEX(E32 + (64 * 4),4)) -> 0x0114 | L32: =CONCATENATE("0x",DEC2HEX(E32 + (64 * 5),4)) -> 0x0154 | M32: =CONCATENATE("0x",DEC2HEX(E32 + (64 * 6),4)) -> 0x0194 | N32: =CONCATENATE("0x",DEC2HEX(E32 + (64 * 7),4)) -> 0x01D4 | O32: =CONCATENATE("0x",DEC2HEX(E32 + (64 * 8),4)) -> 0x0214 | P32: =CONCATENATE("0x",DEC2HEX(E32 + (64 * 9),4)) -> 0x0254 | Q32: =CONCATENATE("0x",DEC2HEX(E32 + (64 * 10),4)) -> 0x0294 | R32: =CONCATENATE("0x",DEC2HEX(E32 + (64 * 11),4)) -> 0x02D4 | S32: =CONCATENATE("0x",DEC2HEX(E32 + (64 * 12),4)) -> 0x0314 | T32: =CONCATENATE("0x",DEC2HEX(E32 + (64 * 13),4)) -> 0x0354 | U32: =CONCATENATE("0x",DEC2HEX(E32 + (64 * 14),4)) -> 0x0394
B33: Power Off Req [CIM -> Port bit 21] == true && Power Off Enable [Port -> CIM bit 21] == true 면 Servo Off | C33: POWER OFF REQ - CIM | E33: 21 | G33: =CONCATENATE("0x",DEC2HEX(E33,4)) -> 0x0015 | H33: =CONCATENATE("0x",DEC2HEX(E33 + (64 * 1),4)) -> 0x0055 | I33: =CONCATENATE("0x",DEC2HEX(E33 + (64 * 2),4)) -> 0x0095 | J33: =CONCATENATE("0x",DEC2HEX(E33 + (64 * 3),4)) -> 0x00D5 | K33: =CONCATENATE("0x",DEC2HEX(E33 + (64 * 4),4)) -> 0x0115 | L33: =CONCATENATE("0x",DEC2HEX(E33 + (64 * 5),4)) -> 0x0155 | M33: =CONCATENATE("0x",DEC2HEX(E33 + (64 * 6),4)) -> 0x0195 | N33: =CONCATENATE("0x",DEC2HEX(E33 + (64 * 7),4)) -> 0x01D5 | O33: =CONCATENATE("0x",DEC2HEX(E33 + (64 * 8),4)) -> 0x0215 | P33: =CONCATENATE("0x",DEC2HEX(E33 + (64 * 9),4)) -> 0x0255 | Q33: =CONCATENATE("0x",DEC2HEX(E33 + (64 * 10),4)) -> 0x0295 | R33: =CONCATENATE("0x",DEC2HEX(E33 + (64 * 11),4)) -> 0x02D5 | S33: =CONCATENATE("0x",DEC2HEX(E33 + (64 * 12),4)) -> 0x0315 | T33: =CONCATENATE("0x",DEC2HEX(E33 + (64 * 13),4)) -> 0x0355 | U33: =CONCATENATE("0x",DEC2HEX(E33 + (64 * 14),4)) -> 0x0395
C34: RESERVED | E34: 22 | G34: =CONCATENATE("0x",DEC2HEX(E34,4)) -> 0x0016 | H34: =CONCATENATE("0x",DEC2HEX(E34 + (64 * 1),4)) -> 0x0056 | I34: =CONCATENATE("0x",DEC2HEX(E34 + (64 * 2),4)) -> 0x0096 | J34: =CONCATENATE("0x",DEC2HEX(E34 + (64 * 3),4)) -> 0x00D6 | K34: =CONCATENATE("0x",DEC2HEX(E34 + (64 * 4),4)) -> 0x0116 | L34: =CONCATENATE("0x",DEC2HEX(E34 + (64 * 5),4)) -> 0x0156 | M34: =CONCATENATE("0x",DEC2HEX(E34 + (64 * 6),4)) -> 0x0196 | N34: =CONCATENATE("0x",DEC2HEX(E34 + (64 * 7),4)) -> 0x01D6 | O34: =CONCATENATE("0x",DEC2HEX(E34 + (64 * 8),4)) -> 0x0216 | P34: =CONCATENATE("0x",DEC2HEX(E34 + (64 * 9),4)) -> 0x0256 | Q34: =CONCATENATE("0x",DEC2HEX(E34 + (64 * 10),4)) -> 0x0296 | R34: =CONCATENATE("0x",DEC2HEX(E34 + (64 * 11),4)) -> 0x02D6 | S34: =CONCATENATE("0x",DEC2HEX(E34 + (64 * 12),4)) -> 0x0316 | T34: =CONCATENATE("0x",DEC2HEX(E34 + (64 * 13),4)) -> 0x0356 | U34: =CONCATENATE("0x",DEC2HEX(E34 + (64 * 14),4)) -> 0x0396
B35: (Port Busy X && Cycle Run X && Auto Control X) -> Port Direction Change (Input Status [Port -> CIM bit 10] true, Output Status [Port -> CIM bit 11] = false) | C35: In Mode Req - CIM | E35: 23 | G35: =CONCATENATE("0x",DEC2HEX(E35,4)) -> 0x0017 | H35: =CONCATENATE("0x",DEC2HEX(E35 + (64 * 1),4)) -> 0x0057 | I35: =CONCATENATE("0x",DEC2HEX(E35 + (64 * 2),4)) -> 0x0097 | J35: =CONCATENATE("0x",DEC2HEX(E35 + (64 * 3),4)) -> 0x00D7 | K35: =CONCATENATE("0x",DEC2HEX(E35 + (64 * 4),4)) -> 0x0117 | L35: =CONCATENATE("0x",DEC2HEX(E35 + (64 * 5),4)) -> 0x0157 | M35: =CONCATENATE("0x",DEC2HEX(E35 + (64 * 6),4)) -> 0x0197 | N35: =CONCATENATE("0x",DEC2HEX(E35 + (64 * 7),4)) -> 0x01D7 | O35: =CONCATENATE("0x",DEC2HEX(E35 + (64 * 8),4)) -> 0x0217 | P35: =CONCATENATE("0x",DEC2HEX(E35 + (64 * 9),4)) -> 0x0257 | Q35: =CONCATENATE("0x",DEC2HEX(E35 + (64 * 10),4)) -> 0x0297 | R35: =CONCATENATE("0x",DEC2HEX(E35 + (64 * 11),4)) -> 0x02D7 | S35: =CONCATENATE("0x",DEC2HEX(E35 + (64 * 12),4)) -> 0x0317 | T35: =CONCATENATE("0x",DEC2HEX(E35 + (64 * 13),4)) -> 0x0357 | U35: =CONCATENATE("0x",DEC2HEX(E35 + (64 * 14),4)) -> 0x0397
B36: (Port Busy X && Cycle Run X && Auto Control X) -> Port Direction Change (Output Status [Port -> CIM bit 11] true, Input Status [Port -> CIM bit 10] = false) | C36: Out Mode Req -CIM | E36: 24 | G36: =CONCATENATE("0x",DEC2HEX(E36,4)) -> 0x0018 | H36: =CONCATENATE("0x",DEC2HEX(E36 + (64 * 1),4)) -> 0x0058 | I36: =CONCATENATE("0x",DEC2HEX(E36 + (64 * 2),4)) -> 0x0098 | J36: =CONCATENATE("0x",DEC2HEX(E36 + (64 * 3),4)) -> 0x00D8 | K36: =CONCATENATE("0x",DEC2HEX(E36 + (64 * 4),4)) -> 0x0118 | L36: =CONCATENATE("0x",DEC2HEX(E36 + (64 * 5),4)) -> 0x0158 | M36: =CONCATENATE("0x",DEC2HEX(E36 + (64 * 6),4)) -> 0x0198 | N36: =CONCATENATE("0x",DEC2HEX(E36 + (64 * 7),4)) -> 0x01D8 | O36: =CONCATENATE("0x",DEC2HEX(E36 + (64 * 8),4)) -> 0x0218 | P36: =CONCATENATE("0x",DEC2HEX(E36 + (64 * 9),4)) -> 0x0258 | Q36: =CONCATENATE("0x",DEC2HEX(E36 + (64 * 10),4)) -> 0x0298 | R36: =CONCATENATE("0x",DEC2HEX(E36 + (64 * 11),4)) -> 0x02D8 | S36: =CONCATENATE("0x",DEC2HEX(E36 + (64 * 12),4)) -> 0x0318 | T36: =CONCATENATE("0x",DEC2HEX(E36 + (64 * 13),4)) -> 0x0358 | U36: =CONCATENATE("0x",DEC2HEX(E36 + (64 * 14),4)) -> 0x0398
C37: RESERVED | E37: 25 | G37: =CONCATENATE("0x",DEC2HEX(E37,4)) -> 0x0019 | H37: =CONCATENATE("0x",DEC2HEX(E37 + (64 * 1),4)) -> 0x0059 | I37: =CONCATENATE("0x",DEC2HEX(E37 + (64 * 2),4)) -> 0x0099 | J37: =CONCATENATE("0x",DEC2HEX(E37 + (64 * 3),4)) -> 0x00D9 | K37: =CONCATENATE("0x",DEC2HEX(E37 + (64 * 4),4)) -> 0x0119 | L37: =CONCATENATE("0x",DEC2HEX(E37 + (64 * 5),4)) -> 0x0159 | M37: =CONCATENATE("0x",DEC2HEX(E37 + (64 * 6),4)) -> 0x0199 | N37: =CONCATENATE("0x",DEC2HEX(E37 + (64 * 7),4)) -> 0x01D9 | O37: =CONCATENATE("0x",DEC2HEX(E37 + (64 * 8),4)) -> 0x0219 | P37: =CONCATENATE("0x",DEC2HEX(E37 + (64 * 9),4)) -> 0x0259 | Q37: =CONCATENATE("0x",DEC2HEX(E37 + (64 * 10),4)) -> 0x0299 | R37: =CONCATENATE("0x",DEC2HEX(E37 + (64 * 11),4)) -> 0x02D9 | S37: =CONCATENATE("0x",DEC2HEX(E37 + (64 * 12),4)) -> 0x0319 | T37: =CONCATENATE("0x",DEC2HEX(E37 + (64 * 13),4)) -> 0x0359 | U37: =CONCATENATE("0x",DEC2HEX(E37 + (64 * 14),4)) -> 0x0399
C38: AGV Type Req - CIM | E38: 26 | G38: =CONCATENATE("0x",DEC2HEX(E38,4)) -> 0x001A | H38: =CONCATENATE("0x",DEC2HEX(E38 + (64 * 1),4)) -> 0x005A | I38: =CONCATENATE("0x",DEC2HEX(E38 + (64 * 2),4)) -> 0x009A | J38: =CONCATENATE("0x",DEC2HEX(E38 + (64 * 3),4)) -> 0x00DA | K38: =CONCATENATE("0x",DEC2HEX(E38 + (64 * 4),4)) -> 0x011A | L38: =CONCATENATE("0x",DEC2HEX(E38 + (64 * 5),4)) -> 0x015A | M38: =CONCATENATE("0x",DEC2HEX(E38 + (64 * 6),4)) -> 0x019A | N38: =CONCATENATE("0x",DEC2HEX(E38 + (64 * 7),4)) -> 0x01DA | O38: =CONCATENATE("0x",DEC2HEX(E38 + (64 * 8),4)) -> 0x021A | P38: =CONCATENATE("0x",DEC2HEX(E38 + (64 * 9),4)) -> 0x025A | Q38: =CONCATENATE("0x",DEC2HEX(E38 + (64 * 10),4)) -> 0x029A | R38: =CONCATENATE("0x",DEC2HEX(E38 + (64 * 11),4)) -> 0x02DA | S38: =CONCATENATE("0x",DEC2HEX(E38 + (64 * 12),4)) -> 0x031A | T38: =CONCATENATE("0x",DEC2HEX(E38 + (64 * 13),4)) -> 0x035A | U38: =CONCATENATE("0x",DEC2HEX(E38 + (64 * 14),4)) -> 0x039A
C39: MGV Type Req - CIM | E39: 27 | G39: =CONCATENATE("0x",DEC2HEX(E39,4)) -> 0x001B | H39: =CONCATENATE("0x",DEC2HEX(E39 + (64 * 1),4)) -> 0x005B | I39: =CONCATENATE("0x",DEC2HEX(E39 + (64 * 2),4)) -> 0x009B | J39: =CONCATENATE("0x",DEC2HEX(E39 + (64 * 3),4)) -> 0x00DB | K39: =CONCATENATE("0x",DEC2HEX(E39 + (64 * 4),4)) -> 0x011B | L39: =CONCATENATE("0x",DEC2HEX(E39 + (64 * 5),4)) -> 0x015B | M39: =CONCATENATE("0x",DEC2HEX(E39 + (64 * 6),4)) -> 0x019B | N39: =CONCATENATE("0x",DEC2HEX(E39 + (64 * 7),4)) -> 0x01DB | O39: =CONCATENATE("0x",DEC2HEX(E39 + (64 * 8),4)) -> 0x021B | P39: =CONCATENATE("0x",DEC2HEX(E39 + (64 * 9),4)) -> 0x025B | Q39: =CONCATENATE("0x",DEC2HEX(E39 + (64 * 10),4)) -> 0x029B | R39: =CONCATENATE("0x",DEC2HEX(E39 + (64 * 11),4)) -> 0x02DB | S39: =CONCATENATE("0x",DEC2HEX(E39 + (64 * 12),4)) -> 0x031B | T39: =CONCATENATE("0x",DEC2HEX(E39 + (64 * 13),4)) -> 0x035B | U39: =CONCATENATE("0x",DEC2HEX(E39 + (64 * 14),4)) -> 0x039B
C40: RESERVEDOHTOHT | E40: 28 | G40: =CONCATENATE("0x",DEC2HEX(E40,4)) -> 0x001C | H40: =CONCATENATE("0x",DEC2HEX(E40 + (64 * 1),4)) -> 0x005C | I40: =CONCATENATE("0x",DEC2HEX(E40 + (64 * 2),4)) -> 0x009C | J40: =CONCATENATE("0x",DEC2HEX(E40 + (64 * 3),4)) -> 0x00DC | K40: =CONCATENATE("0x",DEC2HEX(E40 + (64 * 4),4)) -> 0x011C | L40: =CONCATENATE("0x",DEC2HEX(E40 + (64 * 5),4)) -> 0x015C | M40: =CONCATENATE("0x",DEC2HEX(E40 + (64 * 6),4)) -> 0x019C | N40: =CONCATENATE("0x",DEC2HEX(E40 + (64 * 7),4)) -> 0x01DC | O40: =CONCATENATE("0x",DEC2HEX(E40 + (64 * 8),4)) -> 0x021C | P40: =CONCATENATE("0x",DEC2HEX(E40 + (64 * 9),4)) -> 0x025C | Q40: =CONCATENATE("0x",DEC2HEX(E40 + (64 * 10),4)) -> 0x029C | R40: =CONCATENATE("0x",DEC2HEX(E40 + (64 * 11),4)) -> 0x02DC | S40: =CONCATENATE("0x",DEC2HEX(E40 + (64 * 12),4)) -> 0x031C | T40: =CONCATENATE("0x",DEC2HEX(E40 + (64 * 13),4)) -> 0x035C | U40: =CONCATENATE("0x",DEC2HEX(E40 + (64 * 14),4)) -> 0x039C
C41: Move Reserved - CIM | E41: 29 | G41: =CONCATENATE("0x",DEC2HEX(E41,4)) -> 0x001D | H41: =CONCATENATE("0x",DEC2HEX(E41 + (64 * 1),4)) -> 0x005D | I41: =CONCATENATE("0x",DEC2HEX(E41 + (64 * 2),4)) -> 0x009D | J41: =CONCATENATE("0x",DEC2HEX(E41 + (64 * 3),4)) -> 0x00DD | K41: =CONCATENATE("0x",DEC2HEX(E41 + (64 * 4),4)) -> 0x011D | L41: =CONCATENATE("0x",DEC2HEX(E41 + (64 * 5),4)) -> 0x015D | M41: =CONCATENATE("0x",DEC2HEX(E41 + (64 * 6),4)) -> 0x019D | N41: =CONCATENATE("0x",DEC2HEX(E41 + (64 * 7),4)) -> 0x01DD | O41: =CONCATENATE("0x",DEC2HEX(E41 + (64 * 8),4)) -> 0x021D | P41: =CONCATENATE("0x",DEC2HEX(E41 + (64 * 9),4)) -> 0x025D | Q41: =CONCATENATE("0x",DEC2HEX(E41 + (64 * 10),4)) -> 0x029D | R41: =CONCATENATE("0x",DEC2HEX(E41 + (64 * 11),4)) -> 0x02DD | S41: =CONCATENATE("0x",DEC2HEX(E41 + (64 * 12),4)) -> 0x031D | T41: =CONCATENATE("0x",DEC2HEX(E41 + (64 * 13),4)) -> 0x035D | U41: =CONCATENATE("0x",DEC2HEX(E41 + (64 * 14),4)) -> 0x039D
B42: WMX Alarm Clear, Error Code [Port -> CIM Word 0 ~ 4] -> 0 | C42: ERROR RESET - CIM | E42: 30 | G42: =CONCATENATE("0x",DEC2HEX(E42,4)) -> 0x001E | H42: =CONCATENATE("0x",DEC2HEX(E42 + (64 * 1),4)) -> 0x005E | I42: =CONCATENATE("0x",DEC2HEX(E42 + (64 * 2),4)) -> 0x009E | J42: =CONCATENATE("0x",DEC2HEX(E42 + (64 * 3),4)) -> 0x00DE | K42: =CONCATENATE("0x",DEC2HEX(E42 + (64 * 4),4)) -> 0x011E | L42: =CONCATENATE("0x",DEC2HEX(E42 + (64 * 5),4)) -> 0x015E | M42: =CONCATENATE("0x",DEC2HEX(E42 + (64 * 6),4)) -> 0x019E | N42: =CONCATENATE("0x",DEC2HEX(E42 + (64 * 7),4)) -> 0x01DE | O42: =CONCATENATE("0x",DEC2HEX(E42 + (64 * 8),4)) -> 0x021E | P42: =CONCATENATE("0x",DEC2HEX(E42 + (64 * 9),4)) -> 0x025E | Q42: =CONCATENATE("0x",DEC2HEX(E42 + (64 * 10),4)) -> 0x029E | R42: =CONCATENATE("0x",DEC2HEX(E42 + (64 * 11),4)) -> 0x02DE | S42: =CONCATENATE("0x",DEC2HEX(E42 + (64 * 12),4)) -> 0x031E | T42: =CONCATENATE("0x",DEC2HEX(E42 + (64 * 13),4)) -> 0x035E | U42: =CONCATENATE("0x",DEC2HEX(E42 + (64 * 14),4)) -> 0x039E
C43: INTERFACE RESET | E43: 31 | G43: =CONCATENATE("0x",DEC2HEX(E43,4)) -> 0x001F | H43: =CONCATENATE("0x",DEC2HEX(E43 + (64 * 1),4)) -> 0x005F | I43: =CONCATENATE("0x",DEC2HEX(E43 + (64 * 2),4)) -> 0x009F | J43: =CONCATENATE("0x",DEC2HEX(E43 + (64 * 3),4)) -> 0x00DF | K43: =CONCATENATE("0x",DEC2HEX(E43 + (64 * 4),4)) -> 0x011F | L43: =CONCATENATE("0x",DEC2HEX(E43 + (64 * 5),4)) -> 0x015F | M43: =CONCATENATE("0x",DEC2HEX(E43 + (64 * 6),4)) -> 0x019F | N43: =CONCATENATE("0x",DEC2HEX(E43 + (64 * 7),4)) -> 0x01DF | O43: =CONCATENATE("0x",DEC2HEX(E43 + (64 * 8),4)) -> 0x021F | P43: =CONCATENATE("0x",DEC2HEX(E43 + (64 * 9),4)) -> 0x025F | Q43: =CONCATENATE("0x",DEC2HEX(E43 + (64 * 10),4)) -> 0x029F | R43: =CONCATENATE("0x",DEC2HEX(E43 + (64 * 11),4)) -> 0x02DF | S43: =CONCATENATE("0x",DEC2HEX(E43 + (64 * 12),4)) -> 0x031F | T43: =CONCATENATE("0x",DEC2HEX(E43 + (64 * 13),4)) -> 0x035F | U43: =CONCATENATE("0x",DEC2HEX(E43 + (64 * 14),4)) -> 0x039F
C44: MGV USER CALL | E44: 32 | F44: 3 | G44: =CONCATENATE("0x",DEC2HEX(E44,4)) -> 0x0020 | H44: =CONCATENATE("0x",DEC2HEX(E44 + (64 * 1),4)) -> 0x0060 | I44: =CONCATENATE("0x",DEC2HEX(E44 + (64 * 2),4)) -> 0x00A0 | J44: =CONCATENATE("0x",DEC2HEX(E44 + (64 * 3),4)) -> 0x00E0 | K44: =CONCATENATE("0x",DEC2HEX(E44 + (64 * 4),4)) -> 0x0120 | L44: =CONCATENATE("0x",DEC2HEX(E44 + (64 * 5),4)) -> 0x0160 | M44: =CONCATENATE("0x",DEC2HEX(E44 + (64 * 6),4)) -> 0x01A0 | N44: =CONCATENATE("0x",DEC2HEX(E44 + (64 * 7),4)) -> 0x01E0 | O44: =CONCATENATE("0x",DEC2HEX(E44 + (64 * 8),4)) -> 0x0220 | P44: =CONCATENATE("0x",DEC2HEX(E44 + (64 * 9),4)) -> 0x0260 | Q44: =CONCATENATE("0x",DEC2HEX(E44 + (64 * 10),4)) -> 0x02A0 | R44: =CONCATENATE("0x",DEC2HEX(E44 + (64 * 11),4)) -> 0x02E0 | S44: =CONCATENATE("0x",DEC2HEX(E44 + (64 * 12),4)) -> 0x0320 | T44: =CONCATENATE("0x",DEC2HEX(E44 + (64 * 13),4)) -> 0x0360 | U44: =CONCATENATE("0x",DEC2HEX(E44 + (64 * 14),4)) -> 0x03A0
C45: 경광등#1 REQ(Op Call) | E45: 33 | G45: =CONCATENATE("0x",DEC2HEX(E45,4)) -> 0x0021 | H45: =CONCATENATE("0x",DEC2HEX(E45 + (64 * 1),4)) -> 0x0061 | I45: =CONCATENATE("0x",DEC2HEX(E45 + (64 * 2),4)) -> 0x00A1 | J45: =CONCATENATE("0x",DEC2HEX(E45 + (64 * 3),4)) -> 0x00E1 | K45: =CONCATENATE("0x",DEC2HEX(E45 + (64 * 4),4)) -> 0x0121 | L45: =CONCATENATE("0x",DEC2HEX(E45 + (64 * 5),4)) -> 0x0161 | M45: =CONCATENATE("0x",DEC2HEX(E45 + (64 * 6),4)) -> 0x01A1 | N45: =CONCATENATE("0x",DEC2HEX(E45 + (64 * 7),4)) -> 0x01E1 | O45: =CONCATENATE("0x",DEC2HEX(E45 + (64 * 8),4)) -> 0x0221 | P45: =CONCATENATE("0x",DEC2HEX(E45 + (64 * 9),4)) -> 0x0261 | Q45: =CONCATENATE("0x",DEC2HEX(E45 + (64 * 10),4)) -> 0x02A1 | R45: =CONCATENATE("0x",DEC2HEX(E45 + (64 * 11),4)) -> 0x02E1 | S45: =CONCATENATE("0x",DEC2HEX(E45 + (64 * 12),4)) -> 0x0321 | T45: =CONCATENATE("0x",DEC2HEX(E45 + (64 * 13),4)) -> 0x0361 | U45: =CONCATENATE("0x",DEC2HEX(E45 + (64 * 14),4)) -> 0x03A1
C46: 경광등#2 REQ(Alarm) | E46: 34 | G46: =CONCATENATE("0x",DEC2HEX(E46,4)) -> 0x0022 | H46: =CONCATENATE("0x",DEC2HEX(E46 + (64 * 1),4)) -> 0x0062 | I46: =CONCATENATE("0x",DEC2HEX(E46 + (64 * 2),4)) -> 0x00A2 | J46: =CONCATENATE("0x",DEC2HEX(E46 + (64 * 3),4)) -> 0x00E2 | K46: =CONCATENATE("0x",DEC2HEX(E46 + (64 * 4),4)) -> 0x0122 | L46: =CONCATENATE("0x",DEC2HEX(E46 + (64 * 5),4)) -> 0x0162 | M46: =CONCATENATE("0x",DEC2HEX(E46 + (64 * 6),4)) -> 0x01A2 | N46: =CONCATENATE("0x",DEC2HEX(E46 + (64 * 7),4)) -> 0x01E2 | O46: =CONCATENATE("0x",DEC2HEX(E46 + (64 * 8),4)) -> 0x0222 | P46: =CONCATENATE("0x",DEC2HEX(E46 + (64 * 9),4)) -> 0x0262 | Q46: =CONCATENATE("0x",DEC2HEX(E46 + (64 * 10),4)) -> 0x02A2 | R46: =CONCATENATE("0x",DEC2HEX(E46 + (64 * 11),4)) -> 0x02E2 | S46: =CONCATENATE("0x",DEC2HEX(E46 + (64 * 12),4)) -> 0x0322 | T46: =CONCATENATE("0x",DEC2HEX(E46 + (64 * 13),4)) -> 0x0362 | U46: =CONCATENATE("0x",DEC2HEX(E46 + (64 * 14),4)) -> 0x03A2
C47: 경광등#3 REQ(Warning) | E47: 35 | G47: =CONCATENATE("0x",DEC2HEX(E47,4)) -> 0x0023 | H47: =CONCATENATE("0x",DEC2HEX(E47 + (64 * 1),4)) -> 0x0063 | I47: =CONCATENATE("0x",DEC2HEX(E47 + (64 * 2),4)) -> 0x00A3 | J47: =CONCATENATE("0x",DEC2HEX(E47 + (64 * 3),4)) -> 0x00E3 | K47: =CONCATENATE("0x",DEC2HEX(E47 + (64 * 4),4)) -> 0x0123 | L47: =CONCATENATE("0x",DEC2HEX(E47 + (64 * 5),4)) -> 0x0163 | M47: =CONCATENATE("0x",DEC2HEX(E47 + (64 * 6),4)) -> 0x01A3 | N47: =CONCATENATE("0x",DEC2HEX(E47 + (64 * 7),4)) -> 0x01E3 | O47: =CONCATENATE("0x",DEC2HEX(E47 + (64 * 8),4)) -> 0x0223 | P47: =CONCATENATE("0x",DEC2HEX(E47 + (64 * 9),4)) -> 0x0263 | Q47: =CONCATENATE("0x",DEC2HEX(E47 + (64 * 10),4)) -> 0x02A3 | R47: =CONCATENATE("0x",DEC2HEX(E47 + (64 * 11),4)) -> 0x02E3 | S47: =CONCATENATE("0x",DEC2HEX(E47 + (64 * 12),4)) -> 0x0323 | T47: =CONCATENATE("0x",DEC2HEX(E47 + (64 * 13),4)) -> 0x0363 | U47: =CONCATENATE("0x",DEC2HEX(E47 + (64 * 14),4)) -> 0x03A3
C48: RESERVED | E48: 36 | G48: =CONCATENATE("0x",DEC2HEX(E48,4)) -> 0x0024 | H48: =CONCATENATE("0x",DEC2HEX(E48 + (64 * 1),4)) -> 0x0064 | I48: =CONCATENATE("0x",DEC2HEX(E48 + (64 * 2),4)) -> 0x00A4 | J48: =CONCATENATE("0x",DEC2HEX(E48 + (64 * 3),4)) -> 0x00E4 | K48: =CONCATENATE("0x",DEC2HEX(E48 + (64 * 4),4)) -> 0x0124 | L48: =CONCATENATE("0x",DEC2HEX(E48 + (64 * 5),4)) -> 0x0164 | M48: =CONCATENATE("0x",DEC2HEX(E48 + (64 * 6),4)) -> 0x01A4 | N48: =CONCATENATE("0x",DEC2HEX(E48 + (64 * 7),4)) -> 0x01E4 | O48: =CONCATENATE("0x",DEC2HEX(E48 + (64 * 8),4)) -> 0x0224 | P48: =CONCATENATE("0x",DEC2HEX(E48 + (64 * 9),4)) -> 0x0264 | Q48: =CONCATENATE("0x",DEC2HEX(E48 + (64 * 10),4)) -> 0x02A4 | R48: =CONCATENATE("0x",DEC2HEX(E48 + (64 * 11),4)) -> 0x02E4 | S48: =CONCATENATE("0x",DEC2HEX(E48 + (64 * 12),4)) -> 0x0324 | T48: =CONCATENATE("0x",DEC2HEX(E48 + (64 * 13),4)) -> 0x0364 | U48: =CONCATENATE("0x",DEC2HEX(E48 + (64 * 14),4)) -> 0x03A4
C49: RESERVED | E49: 37 | G49: =CONCATENATE("0x",DEC2HEX(E49,4)) -> 0x0025 | H49: =CONCATENATE("0x",DEC2HEX(E49 + (64 * 1),4)) -> 0x0065 | I49: =CONCATENATE("0x",DEC2HEX(E49 + (64 * 2),4)) -> 0x00A5 | J49: =CONCATENATE("0x",DEC2HEX(E49 + (64 * 3),4)) -> 0x00E5 | K49: =CONCATENATE("0x",DEC2HEX(E49 + (64 * 4),4)) -> 0x0125 | L49: =CONCATENATE("0x",DEC2HEX(E49 + (64 * 5),4)) -> 0x0165 | M49: =CONCATENATE("0x",DEC2HEX(E49 + (64 * 6),4)) -> 0x01A5 | N49: =CONCATENATE("0x",DEC2HEX(E49 + (64 * 7),4)) -> 0x01E5 | O49: =CONCATENATE("0x",DEC2HEX(E49 + (64 * 8),4)) -> 0x0225 | P49: =CONCATENATE("0x",DEC2HEX(E49 + (64 * 9),4)) -> 0x0265 | Q49: =CONCATENATE("0x",DEC2HEX(E49 + (64 * 10),4)) -> 0x02A5 | R49: =CONCATENATE("0x",DEC2HEX(E49 + (64 * 11),4)) -> 0x02E5 | S49: =CONCATENATE("0x",DEC2HEX(E49 + (64 * 12),4)) -> 0x0325 | T49: =CONCATENATE("0x",DEC2HEX(E49 + (64 * 13),4)) -> 0x0365 | U49: =CONCATENATE("0x",DEC2HEX(E49 + (64 * 14),4)) -> 0x03A5
C50: RESERVED | E50: 38 | G50: =CONCATENATE("0x",DEC2HEX(E50,4)) -> 0x0026 | H50: =CONCATENATE("0x",DEC2HEX(E50 + (64 * 1),4)) -> 0x0066 | I50: =CONCATENATE("0x",DEC2HEX(E50 + (64 * 2),4)) -> 0x00A6 | J50: =CONCATENATE("0x",DEC2HEX(E50 + (64 * 3),4)) -> 0x00E6 | K50: =CONCATENATE("0x",DEC2HEX(E50 + (64 * 4),4)) -> 0x0126 | L50: =CONCATENATE("0x",DEC2HEX(E50 + (64 * 5),4)) -> 0x0166 | M50: =CONCATENATE("0x",DEC2HEX(E50 + (64 * 6),4)) -> 0x01A6 | N50: =CONCATENATE("0x",DEC2HEX(E50 + (64 * 7),4)) -> 0x01E6 | O50: =CONCATENATE("0x",DEC2HEX(E50 + (64 * 8),4)) -> 0x0226 | P50: =CONCATENATE("0x",DEC2HEX(E50 + (64 * 9),4)) -> 0x0266 | Q50: =CONCATENATE("0x",DEC2HEX(E50 + (64 * 10),4)) -> 0x02A6 | R50: =CONCATENATE("0x",DEC2HEX(E50 + (64 * 11),4)) -> 0x02E6 | S50: =CONCATENATE("0x",DEC2HEX(E50 + (64 * 12),4)) -> 0x0326 | T50: =CONCATENATE("0x",DEC2HEX(E50 + (64 * 13),4)) -> 0x0366 | U50: =CONCATENATE("0x",DEC2HEX(E50 + (64 * 14),4)) -> 0x03A6
C51: RESERVED | E51: 39 | G51: =CONCATENATE("0x",DEC2HEX(E51,4)) -> 0x0027 | H51: =CONCATENATE("0x",DEC2HEX(E51 + (64 * 1),4)) -> 0x0067 | I51: =CONCATENATE("0x",DEC2HEX(E51 + (64 * 2),4)) -> 0x00A7 | J51: =CONCATENATE("0x",DEC2HEX(E51 + (64 * 3),4)) -> 0x00E7 | K51: =CONCATENATE("0x",DEC2HEX(E51 + (64 * 4),4)) -> 0x0127 | L51: =CONCATENATE("0x",DEC2HEX(E51 + (64 * 5),4)) -> 0x0167 | M51: =CONCATENATE("0x",DEC2HEX(E51 + (64 * 6),4)) -> 0x01A7 | N51: =CONCATENATE("0x",DEC2HEX(E51 + (64 * 7),4)) -> 0x01E7 | O51: =CONCATENATE("0x",DEC2HEX(E51 + (64 * 8),4)) -> 0x0227 | P51: =CONCATENATE("0x",DEC2HEX(E51 + (64 * 9),4)) -> 0x0267 | Q51: =CONCATENATE("0x",DEC2HEX(E51 + (64 * 10),4)) -> 0x02A7 | R51: =CONCATENATE("0x",DEC2HEX(E51 + (64 * 11),4)) -> 0x02E7 | S51: =CONCATENATE("0x",DEC2HEX(E51 + (64 * 12),4)) -> 0x0327 | T51: =CONCATENATE("0x",DEC2HEX(E51 + (64 * 13),4)) -> 0x0367 | U51: =CONCATENATE("0x",DEC2HEX(E51 + (64 * 14),4)) -> 0x03A7
C52: RESERVED | E52: 40 | G52: =CONCATENATE("0x",DEC2HEX(E52,4)) -> 0x0028 | H52: =CONCATENATE("0x",DEC2HEX(E52 + (64 * 1),4)) -> 0x0068 | I52: =CONCATENATE("0x",DEC2HEX(E52 + (64 * 2),4)) -> 0x00A8 | J52: =CONCATENATE("0x",DEC2HEX(E52 + (64 * 3),4)) -> 0x00E8 | K52: =CONCATENATE("0x",DEC2HEX(E52 + (64 * 4),4)) -> 0x0128 | L52: =CONCATENATE("0x",DEC2HEX(E52 + (64 * 5),4)) -> 0x0168 | M52: =CONCATENATE("0x",DEC2HEX(E52 + (64 * 6),4)) -> 0x01A8 | N52: =CONCATENATE("0x",DEC2HEX(E52 + (64 * 7),4)) -> 0x01E8 | O52: =CONCATENATE("0x",DEC2HEX(E52 + (64 * 8),4)) -> 0x0228 | P52: =CONCATENATE("0x",DEC2HEX(E52 + (64 * 9),4)) -> 0x0268 | Q52: =CONCATENATE("0x",DEC2HEX(E52 + (64 * 10),4)) -> 0x02A8 | R52: =CONCATENATE("0x",DEC2HEX(E52 + (64 * 11),4)) -> 0x02E8 | S52: =CONCATENATE("0x",DEC2HEX(E52 + (64 * 12),4)) -> 0x0328 | T52: =CONCATENATE("0x",DEC2HEX(E52 + (64 * 13),4)) -> 0x0368 | U52: =CONCATENATE("0x",DEC2HEX(E52 + (64 * 14),4)) -> 0x03A8
C53: RESERVED | E53: 41 | G53: =CONCATENATE("0x",DEC2HEX(E53,4)) -> 0x0029 | H53: =CONCATENATE("0x",DEC2HEX(E53 + (64 * 1),4)) -> 0x0069 | I53: =CONCATENATE("0x",DEC2HEX(E53 + (64 * 2),4)) -> 0x00A9 | J53: =CONCATENATE("0x",DEC2HEX(E53 + (64 * 3),4)) -> 0x00E9 | K53: =CONCATENATE("0x",DEC2HEX(E53 + (64 * 4),4)) -> 0x0129 | L53: =CONCATENATE("0x",DEC2HEX(E53 + (64 * 5),4)) -> 0x0169 | M53: =CONCATENATE("0x",DEC2HEX(E53 + (64 * 6),4)) -> 0x01A9 | N53: =CONCATENATE("0x",DEC2HEX(E53 + (64 * 7),4)) -> 0x01E9 | O53: =CONCATENATE("0x",DEC2HEX(E53 + (64 * 8),4)) -> 0x0229 | P53: =CONCATENATE("0x",DEC2HEX(E53 + (64 * 9),4)) -> 0x0269 | Q53: =CONCATENATE("0x",DEC2HEX(E53 + (64 * 10),4)) -> 0x02A9 | R53: =CONCATENATE("0x",DEC2HEX(E53 + (64 * 11),4)) -> 0x02E9 | S53: =CONCATENATE("0x",DEC2HEX(E53 + (64 * 12),4)) -> 0x0329 | T53: =CONCATENATE("0x",DEC2HEX(E53 + (64 * 13),4)) -> 0x0369 | U53: =CONCATENATE("0x",DEC2HEX(E53 + (64 * 14),4)) -> 0x03A9
C54: RESERVED | E54: 42 | G54: =CONCATENATE("0x",DEC2HEX(E54,4)) -> 0x002A | H54: =CONCATENATE("0x",DEC2HEX(E54 + (64 * 1),4)) -> 0x006A | I54: =CONCATENATE("0x",DEC2HEX(E54 + (64 * 2),4)) -> 0x00AA | J54: =CONCATENATE("0x",DEC2HEX(E54 + (64 * 3),4)) -> 0x00EA | K54: =CONCATENATE("0x",DEC2HEX(E54 + (64 * 4),4)) -> 0x012A | L54: =CONCATENATE("0x",DEC2HEX(E54 + (64 * 5),4)) -> 0x016A | M54: =CONCATENATE("0x",DEC2HEX(E54 + (64 * 6),4)) -> 0x01AA | N54: =CONCATENATE("0x",DEC2HEX(E54 + (64 * 7),4)) -> 0x01EA | O54: =CONCATENATE("0x",DEC2HEX(E54 + (64 * 8),4)) -> 0x022A | P54: =CONCATENATE("0x",DEC2HEX(E54 + (64 * 9),4)) -> 0x026A | Q54: =CONCATENATE("0x",DEC2HEX(E54 + (64 * 10),4)) -> 0x02AA | R54: =CONCATENATE("0x",DEC2HEX(E54 + (64 * 11),4)) -> 0x02EA | S54: =CONCATENATE("0x",DEC2HEX(E54 + (64 * 12),4)) -> 0x032A | T54: =CONCATENATE("0x",DEC2HEX(E54 + (64 * 13),4)) -> 0x036A | U54: =CONCATENATE("0x",DEC2HEX(E54 + (64 * 14),4)) -> 0x03AA
C55: RESERVED | E55: 43 | G55: =CONCATENATE("0x",DEC2HEX(E55,4)) -> 0x002B | H55: =CONCATENATE("0x",DEC2HEX(E55 + (64 * 1),4)) -> 0x006B | I55: =CONCATENATE("0x",DEC2HEX(E55 + (64 * 2),4)) -> 0x00AB | J55: =CONCATENATE("0x",DEC2HEX(E55 + (64 * 3),4)) -> 0x00EB | K55: =CONCATENATE("0x",DEC2HEX(E55 + (64 * 4),4)) -> 0x012B | L55: =CONCATENATE("0x",DEC2HEX(E55 + (64 * 5),4)) -> 0x016B | M55: =CONCATENATE("0x",DEC2HEX(E55 + (64 * 6),4)) -> 0x01AB | N55: =CONCATENATE("0x",DEC2HEX(E55 + (64 * 7),4)) -> 0x01EB | O55: =CONCATENATE("0x",DEC2HEX(E55 + (64 * 8),4)) -> 0x022B | P55: =CONCATENATE("0x",DEC2HEX(E55 + (64 * 9),4)) -> 0x026B | Q55: =CONCATENATE("0x",DEC2HEX(E55 + (64 * 10),4)) -> 0x02AB | R55: =CONCATENATE("0x",DEC2HEX(E55 + (64 * 11),4)) -> 0x02EB | S55: =CONCATENATE("0x",DEC2HEX(E55 + (64 * 12),4)) -> 0x032B | T55: =CONCATENATE("0x",DEC2HEX(E55 + (64 * 13),4)) -> 0x036B | U55: =CONCATENATE("0x",DEC2HEX(E55 + (64 * 14),4)) -> 0x03AB
C56: RESERVED | E56: 44 | G56: =CONCATENATE("0x",DEC2HEX(E56,4)) -> 0x002C | H56: =CONCATENATE("0x",DEC2HEX(E56 + (64 * 1),4)) -> 0x006C | I56: =CONCATENATE("0x",DEC2HEX(E56 + (64 * 2),4)) -> 0x00AC | J56: =CONCATENATE("0x",DEC2HEX(E56 + (64 * 3),4)) -> 0x00EC | K56: =CONCATENATE("0x",DEC2HEX(E56 + (64 * 4),4)) -> 0x012C | L56: =CONCATENATE("0x",DEC2HEX(E56 + (64 * 5),4)) -> 0x016C | M56: =CONCATENATE("0x",DEC2HEX(E56 + (64 * 6),4)) -> 0x01AC | N56: =CONCATENATE("0x",DEC2HEX(E56 + (64 * 7),4)) -> 0x01EC | O56: =CONCATENATE("0x",DEC2HEX(E56 + (64 * 8),4)) -> 0x022C | P56: =CONCATENATE("0x",DEC2HEX(E56 + (64 * 9),4)) -> 0x026C | Q56: =CONCATENATE("0x",DEC2HEX(E56 + (64 * 10),4)) -> 0x02AC | R56: =CONCATENATE("0x",DEC2HEX(E56 + (64 * 11),4)) -> 0x02EC | S56: =CONCATENATE("0x",DEC2HEX(E56 + (64 * 12),4)) -> 0x032C | T56: =CONCATENATE("0x",DEC2HEX(E56 + (64 * 13),4)) -> 0x036C | U56: =CONCATENATE("0x",DEC2HEX(E56 + (64 * 14),4)) -> 0x03AC
... C59: RESERVED | E59: 47 | G59: =CONCATENATE("0x",DEC2HEX(E59,4)) -> 0x002F | H59: =CONCATENATE("0x",DEC2HEX(E59 + (64 * 1),4)) -> 0x006F | I59: =CONCATENATE("0x",DEC2HEX(E59 + (64 * 2),4)) -> 0x00AF | J59: =CONCATENATE("0x",DEC2HEX(E59 + (64 * 3),4)) -> 0x00EF | K59: =CONCATENATE("0x",DEC2HEX(E59 + (64 * 4),4)) -> 0x012F | L59: =CONCATENATE("0x",DEC2HEX(E59 + (64 * 5),4)) -> 0x016F | M59: =CONCATENATE("0x",DEC2HEX(E59 + (64 * 6),4)) -> 0x01AF | N59: =CONCATENATE("0x",DEC2HEX(E59 + (64 * 7),4)) -> 0x01EF | O59: =CONCATENATE("0x",DEC2HEX(E59 + (64 * 8),4)) -> 0x022F | P59: =CONCATENATE("0x",DEC2HEX(E59 + (64 * 9),4)) -> 0x026F | Q59: =CONCATENATE("0x",DEC2HEX(E59 + (64 * 10),4)) -> 0x02AF | R59: =CONCATENATE("0x",DEC2HEX(E59 + (64 * 11),4)) -> 0x02EF | S59: =CONCATENATE("0x",DEC2HEX(E59 + (64 * 12),4)) -> 0x032F | T59: =CONCATENATE("0x",DEC2HEX(E59 + (64 * 13),4)) -> 0x036F | U59: =CONCATENATE("0x",DEC2HEX(E59 + (64 * 14),4)) -> 0x03AF
C60: RESERVED | E60: 48 | F60: 4 | G60: =CONCATENATE("0x",DEC2HEX(E60,4)) -> 0x0030 | H60: =CONCATENATE("0x",DEC2HEX(E60 + (64 * 1),4)) -> 0x0070 | I60: =CONCATENATE("0x",DEC2HEX(E60 + (64 * 2),4)) -> 0x00B0 | J60: =CONCATENATE("0x",DEC2HEX(E60 + (64 * 3),4)) -> 0x00F0 | K60: =CONCATENATE("0x",DEC2HEX(E60 + (64 * 4),4)) -> 0x0130 | L60: =CONCATENATE("0x",DEC2HEX(E60 + (64 * 5),4)) -> 0x0170 | M60: =CONCATENATE("0x",DEC2HEX(E60 + (64 * 6),4)) -> 0x01B0 | N60: =CONCATENATE("0x",DEC2HEX(E60 + (64 * 7),4)) -> 0x01F0 | O60: =CONCATENATE("0x",DEC2HEX(E60 + (64 * 8),4)) -> 0x0230 | P60: =CONCATENATE("0x",DEC2HEX(E60 + (64 * 9),4)) -> 0x0270 | Q60: =CONCATENATE("0x",DEC2HEX(E60 + (64 * 10),4)) -> 0x02B0 | R60: =CONCATENATE("0x",DEC2HEX(E60 + (64 * 11),4)) -> 0x02F0 | S60: =CONCATENATE("0x",DEC2HEX(E60 + (64 * 12),4)) -> 0x0330 | T60: =CONCATENATE("0x",DEC2HEX(E60 + (64 * 13),4)) -> 0x0370 | U60: =CONCATENATE("0x",DEC2HEX(E60 + (64 * 14),4)) -> 0x03B0
C61: RESERVED | E61: 49 | G61: =CONCATENATE("0x",DEC2HEX(E61,4)) -> 0x0031 | H61: =CONCATENATE("0x",DEC2HEX(E61 + (64 * 1),4)) -> 0x0071 | I61: =CONCATENATE("0x",DEC2HEX(E61 + (64 * 2),4)) -> 0x00B1 | J61: =CONCATENATE("0x",DEC2HEX(E61 + (64 * 3),4)) -> 0x00F1 | K61: =CONCATENATE("0x",DEC2HEX(E61 + (64 * 4),4)) -> 0x0131 | L61: =CONCATENATE("0x",DEC2HEX(E61 + (64 * 5),4)) -> 0x0171 | M61: =CONCATENATE("0x",DEC2HEX(E61 + (64 * 6),4)) -> 0x01B1 | N61: =CONCATENATE("0x",DEC2HEX(E61 + (64 * 7),4)) -> 0x01F1 | O61: =CONCATENATE("0x",DEC2HEX(E61 + (64 * 8),4)) -> 0x0231 | P61: =CONCATENATE("0x",DEC2HEX(E61 + (64 * 9),4)) -> 0x0271 | Q61: =CONCATENATE("0x",DEC2HEX(E61 + (64 * 10),4)) -> 0x02B1 | R61: =CONCATENATE("0x",DEC2HEX(E61 + (64 * 11),4)) -> 0x02F1 | S61: =CONCATENATE("0x",DEC2HEX(E61 + (64 * 12),4)) -> 0x0331 | T61: =CONCATENATE("0x",DEC2HEX(E61 + (64 * 13),4)) -> 0x0371 | U61: =CONCATENATE("0x",DEC2HEX(E61 + (64 * 14),4)) -> 0x03B1
C62: RESERVED | E62: 50 | G62: =CONCATENATE("0x",DEC2HEX(E62,4)) -> 0x0032 | H62: =CONCATENATE("0x",DEC2HEX(E62 + (64 * 1),4)) -> 0x0072 | I62: =CONCATENATE("0x",DEC2HEX(E62 + (64 * 2),4)) -> 0x00B2 | J62: =CONCATENATE("0x",DEC2HEX(E62 + (64 * 3),4)) -> 0x00F2 | K62: =CONCATENATE("0x",DEC2HEX(E62 + (64 * 4),4)) -> 0x0132 | L62: =CONCATENATE("0x",DEC2HEX(E62 + (64 * 5),4)) -> 0x0172 | M62: =CONCATENATE("0x",DEC2HEX(E62 + (64 * 6),4)) -> 0x01B2 | N62: =CONCATENATE("0x",DEC2HEX(E62 + (64 * 7),4)) -> 0x01F2 | O62: =CONCATENATE("0x",DEC2HEX(E62 + (64 * 8),4)) -> 0x0232 | P62: =CONCATENATE("0x",DEC2HEX(E62 + (64 * 9),4)) -> 0x0272 | Q62: =CONCATENATE("0x",DEC2HEX(E62 + (64 * 10),4)) -> 0x02B2 | R62: =CONCATENATE("0x",DEC2HEX(E62 + (64 * 11),4)) -> 0x02F2 | S62: =CONCATENATE("0x",DEC2HEX(E62 + (64 * 12),4)) -> 0x0332 | T62: =CONCATENATE("0x",DEC2HEX(E62 + (64 * 13),4)) -> 0x0372 | U62: =CONCATENATE("0x",DEC2HEX(E62 + (64 * 14),4)) -> 0x03B2
C63: RESERVED | E63: 51 | G63: =CONCATENATE("0x",DEC2HEX(E63,4)) -> 0x0033 | H63: =CONCATENATE("0x",DEC2HEX(E63 + (64 * 1),4)) -> 0x0073 | I63: =CONCATENATE("0x",DEC2HEX(E63 + (64 * 2),4)) -> 0x00B3 | J63: =CONCATENATE("0x",DEC2HEX(E63 + (64 * 3),4)) -> 0x00F3 | K63: =CONCATENATE("0x",DEC2HEX(E63 + (64 * 4),4)) -> 0x0133 | L63: =CONCATENATE("0x",DEC2HEX(E63 + (64 * 5),4)) -> 0x0173 | M63: =CONCATENATE("0x",DEC2HEX(E63 + (64 * 6),4)) -> 0x01B3 | N63: =CONCATENATE("0x",DEC2HEX(E63 + (64 * 7),4)) -> 0x01F3 | O63: =CONCATENATE("0x",DEC2HEX(E63 + (64 * 8),4)) -> 0x0233 | P63: =CONCATENATE("0x",DEC2HEX(E63 + (64 * 9),4)) -> 0x0273 | Q63: =CONCATENATE("0x",DEC2HEX(E63 + (64 * 10),4)) -> 0x02B3 | R63: =CONCATENATE("0x",DEC2HEX(E63 + (64 * 11),4)) -> 0x02F3 | S63: =CONCATENATE("0x",DEC2HEX(E63 + (64 * 12),4)) -> 0x0333 | T63: =CONCATENATE("0x",DEC2HEX(E63 + (64 * 13),4)) -> 0x0373 | U63: =CONCATENATE("0x",DEC2HEX(E63 + (64 * 14),4)) -> 0x03B3
C64: RESERVED | E64: 52 | G64: =CONCATENATE("0x",DEC2HEX(E64,4)) -> 0x0034 | H64: =CONCATENATE("0x",DEC2HEX(E64 + (64 * 1),4)) -> 0x0074 | I64: =CONCATENATE("0x",DEC2HEX(E64 + (64 * 2),4)) -> 0x00B4 | J64: =CONCATENATE("0x",DEC2HEX(E64 + (64 * 3),4)) -> 0x00F4 | K64: =CONCATENATE("0x",DEC2HEX(E64 + (64 * 4),4)) -> 0x0134 | L64: =CONCATENATE("0x",DEC2HEX(E64 + (64 * 5),4)) -> 0x0174 | M64: =CONCATENATE("0x",DEC2HEX(E64 + (64 * 6),4)) -> 0x01B4 | N64: =CONCATENATE("0x",DEC2HEX(E64 + (64 * 7),4)) -> 0x01F4 | O64: =CONCATENATE("0x",DEC2HEX(E64 + (64 * 8),4)) -> 0x0234 | P64: =CONCATENATE("0x",DEC2HEX(E64 + (64 * 9),4)) -> 0x0274 | Q64: =CONCATENATE("0x",DEC2HEX(E64 + (64 * 10),4)) -> 0x02B4 | R64: =CONCATENATE("0x",DEC2HEX(E64 + (64 * 11),4)) -> 0x02F4 | S64: =CONCATENATE("0x",DEC2HEX(E64 + (64 * 12),4)) -> 0x0334 | T64: =CONCATENATE("0x",DEC2HEX(E64 + (64 * 13),4)) -> 0x0374 | U64: =CONCATENATE("0x",DEC2HEX(E64 + (64 * 14),4)) -> 0x03B4
C65: RESERVED | E65: 53 | G65: =CONCATENATE("0x",DEC2HEX(E65,4)) -> 0x0035 | H65: =CONCATENATE("0x",DEC2HEX(E65 + (64 * 1),4)) -> 0x0075 | I65: =CONCATENATE("0x",DEC2HEX(E65 + (64 * 2),4)) -> 0x00B5 | J65: =CONCATENATE("0x",DEC2HEX(E65 + (64 * 3),4)) -> 0x00F5 | K65: =CONCATENATE("0x",DEC2HEX(E65 + (64 * 4),4)) -> 0x0135 | L65: =CONCATENATE("0x",DEC2HEX(E65 + (64 * 5),4)) -> 0x0175 | M65: =CONCATENATE("0x",DEC2HEX(E65 + (64 * 6),4)) -> 0x01B5 | N65: =CONCATENATE("0x",DEC2HEX(E65 + (64 * 7),4)) -> 0x01F5 | O65: =CONCATENATE("0x",DEC2HEX(E65 + (64 * 8),4)) -> 0x0235 | P65: =CONCATENATE("0x",DEC2HEX(E65 + (64 * 9),4)) -> 0x0275 | Q65: =CONCATENATE("0x",DEC2HEX(E65 + (64 * 10),4)) -> 0x02B5 | R65: =CONCATENATE("0x",DEC2HEX(E65 + (64 * 11),4)) -> 0x02F5 | S65: =CONCATENATE("0x",DEC2HEX(E65 + (64 * 12),4)) -> 0x0335 | T65: =CONCATENATE("0x",DEC2HEX(E65 + (64 * 13),4)) -> 0x0375 | U65: =CONCATENATE("0x",DEC2HEX(E65 + (64 * 14),4)) -> 0x03B5
C66: RESERVED | E66: 54 | G66: =CONCATENATE("0x",DEC2HEX(E66,4)) -> 0x0036 | H66: =CONCATENATE("0x",DEC2HEX(E66 + (64 * 1),4)) -> 0x0076 | I66: =CONCATENATE("0x",DEC2HEX(E66 + (64 * 2),4)) -> 0x00B6 | J66: =CONCATENATE("0x",DEC2HEX(E66 + (64 * 3),4)) -> 0x00F6 | K66: =CONCATENATE("0x",DEC2HEX(E66 + (64 * 4),4)) -> 0x0136 | L66: =CONCATENATE("0x",DEC2HEX(E66 + (64 * 5),4)) -> 0x0176 | M66: =CONCATENATE("0x",DEC2HEX(E66 + (64 * 6),4)) -> 0x01B6 | N66: =CONCATENATE("0x",DEC2HEX(E66 + (64 * 7),4)) -> 0x01F6 | O66: =CONCATENATE("0x",DEC2HEX(E66 + (64 * 8),4)) -> 0x0236 | P66: =CONCATENATE("0x",DEC2HEX(E66 + (64 * 9),4)) -> 0x0276 | Q66: =CONCATENATE("0x",DEC2HEX(E66 + (64 * 10),4)) -> 0x02B6 | R66: =CONCATENATE("0x",DEC2HEX(E66 + (64 * 11),4)) -> 0x02F6 | S66: =CONCATENATE("0x",DEC2HEX(E66 + (64 * 12),4)) -> 0x0336 | T66: =CONCATENATE("0x",DEC2HEX(E66 + (64 * 13),4)) -> 0x0376 | U66: =CONCATENATE("0x",DEC2HEX(E66 + (64 * 14),4)) -> 0x03B6
C67: RESERVED | E67: 55 | G67: =CONCATENATE("0x",DEC2HEX(E67,4)) -> 0x0037 | H67: =CONCATENATE("0x",DEC2HEX(E67 + (64 * 1),4)) -> 0x0077 | I67: =CONCATENATE("0x",DEC2HEX(E67 + (64 * 2),4)) -> 0x00B7 | J67: =CONCATENATE("0x",DEC2HEX(E67 + (64 * 3),4)) -> 0x00F7 | K67: =CONCATENATE("0x",DEC2HEX(E67 + (64 * 4),4)) -> 0x0137 | L67: =CONCATENATE("0x",DEC2HEX(E67 + (64 * 5),4)) -> 0x0177 | M67: =CONCATENATE("0x",DEC2HEX(E67 + (64 * 6),4)) -> 0x01B7 | N67: =CONCATENATE("0x",DEC2HEX(E67 + (64 * 7),4)) -> 0x01F7 | O67: =CONCATENATE("0x",DEC2HEX(E67 + (64 * 8),4)) -> 0x0237 | P67: =CONCATENATE("0x",DEC2HEX(E67 + (64 * 9),4)) -> 0x0277 | Q67: =CONCATENATE("0x",DEC2HEX(E67 + (64 * 10),4)) -> 0x02B7 | R67: =CONCATENATE("0x",DEC2HEX(E67 + (64 * 11),4)) -> 0x02F7 | S67: =CONCATENATE("0x",DEC2HEX(E67 + (64 * 12),4)) -> 0x0337 | T67: =CONCATENATE("0x",DEC2HEX(E67 + (64 * 13),4)) -> 0x0377 | U67: =CONCATENATE("0x",DEC2HEX(E67 + (64 * 14),4)) -> 0x03B7
C68: RESERVED | E68: 56 | G68: =CONCATENATE("0x",DEC2HEX(E68,4)) -> 0x0038 | H68: =CONCATENATE("0x",DEC2HEX(E68 + (64 * 1),4)) -> 0x0078 | I68: =CONCATENATE("0x",DEC2HEX(E68 + (64 * 2),4)) -> 0x00B8 | J68: =CONCATENATE("0x",DEC2HEX(E68 + (64 * 3),4)) -> 0x00F8 | K68: =CONCATENATE("0x",DEC2HEX(E68 + (64 * 4),4)) -> 0x0138 | L68: =CONCATENATE("0x",DEC2HEX(E68 + (64 * 5),4)) -> 0x0178 | M68: =CONCATENATE("0x",DEC2HEX(E68 + (64 * 6),4)) -> 0x01B8 | N68: =CONCATENATE("0x",DEC2HEX(E68 + (64 * 7),4)) -> 0x01F8 | O68: =CONCATENATE("0x",DEC2HEX(E68 + (64 * 8),4)) -> 0x0238 | P68: =CONCATENATE("0x",DEC2HEX(E68 + (64 * 9),4)) -> 0x0278 | Q68: =CONCATENATE("0x",DEC2HEX(E68 + (64 * 10),4)) -> 0x02B8 | R68: =CONCATENATE("0x",DEC2HEX(E68 + (64 * 11),4)) -> 0x02F8 | S68: =CONCATENATE("0x",DEC2HEX(E68 + (64 * 12),4)) -> 0x0338 | T68: =CONCATENATE("0x",DEC2HEX(E68 + (64 * 13),4)) -> 0x0378 | U68: =CONCATENATE("0x",DEC2HEX(E68 + (64 * 14),4)) -> 0x03B8
C69: RESERVED | E69: 57 | G69: =CONCATENATE("0x",DEC2HEX(E69,4)) -> 0x0039 | H69: =CONCATENATE("0x",DEC2HEX(E69 + (64 * 1),4)) -> 0x0079 | I69: =CONCATENATE("0x",DEC2HEX(E69 + (64 * 2),4)) -> 0x00B9 | J69: =CONCATENATE("0x",DEC2HEX(E69 + (64 * 3),4)) -> 0x00F9 | K69: =CONCATENATE("0x",DEC2HEX(E69 + (64 * 4),4)) -> 0x0139 | L69: =CONCATENATE("0x",DEC2HEX(E69 + (64 * 5),4)) -> 0x0179 | M69: =CONCATENATE("0x",DEC2HEX(E69 + (64 * 6),4)) -> 0x01B9 | N69: =CONCATENATE("0x",DEC2HEX(E69 + (64 * 7),4)) -> 0x01F9 | O69: =CONCATENATE("0x",DEC2HEX(E69 + (64 * 8),4)) -> 0x0239 | P69: =CONCATENATE("0x",DEC2HEX(E69 + (64 * 9),4)) -> 0x0279 | Q69: =CONCATENATE("0x",DEC2HEX(E69 + (64 * 10),4)) -> 0x02B9 | R69: =CONCATENATE("0x",DEC2HEX(E69 + (64 * 11),4)) -> 0x02F9 | S69: =CONCATENATE("0x",DEC2HEX(E69 + (64 * 12),4)) -> 0x0339 | T69: =CONCATENATE("0x",DEC2HEX(E69 + (64 * 13),4)) -> 0x0379 | U69: =CONCATENATE("0x",DEC2HEX(E69 + (64 * 14),4)) -> 0x03B9
C70: RESERVED | E70: 58 | G70: =CONCATENATE("0x",DEC2HEX(E70,4)) -> 0x003A | H70: =CONCATENATE("0x",DEC2HEX(E70 + (64 * 1),4)) -> 0x007A | I70: =CONCATENATE("0x",DEC2HEX(E70 + (64 * 2),4)) -> 0x00BA | J70: =CONCATENATE("0x",DEC2HEX(E70 + (64 * 3),4)) -> 0x00FA | K70: =CONCATENATE("0x",DEC2HEX(E70 + (64 * 4),4)) -> 0x013A | L70: =CONCATENATE("0x",DEC2HEX(E70 + (64 * 5),4)) -> 0x017A | M70: =CONCATENATE("0x",DEC2HEX(E70 + (64 * 6),4)) -> 0x01BA | N70: =CONCATENATE("0x",DEC2HEX(E70 + (64 * 7),4)) -> 0x01FA | O70: =CONCATENATE("0x",DEC2HEX(E70 + (64 * 8),4)) -> 0x023A | P70: =CONCATENATE("0x",DEC2HEX(E70 + (64 * 9),4)) -> 0x027A | Q70: =CONCATENATE("0x",DEC2HEX(E70 + (64 * 10),4)) -> 0x02BA | R70: =CONCATENATE("0x",DEC2HEX(E70 + (64 * 11),4)) -> 0x02FA | S70: =CONCATENATE("0x",DEC2HEX(E70 + (64 * 12),4)) -> 0x033A | T70: =CONCATENATE("0x",DEC2HEX(E70 + (64 * 13),4)) -> 0x037A | U70: =CONCATENATE("0x",DEC2HEX(E70 + (64 * 14),4)) -> 0x03BA
C71: RESERVED | E71: 59 | G71: =CONCATENATE("0x",DEC2HEX(E71,4)) -> 0x003B | H71: =CONCATENATE("0x",DEC2HEX(E71 + (64 * 1),4)) -> 0x007B | I71: =CONCATENATE("0x",DEC2HEX(E71 + (64 * 2),4)) -> 0x00BB | J71: =CONCATENATE("0x",DEC2HEX(E71 + (64 * 3),4)) -> 0x00FB | K71: =CONCATENATE("0x",DEC2HEX(E71 + (64 * 4),4)) -> 0x013B | L71: =CONCATENATE("0x",DEC2HEX(E71 + (64 * 5),4)) -> 0x017B | M71: =CONCATENATE("0x",DEC2HEX(E71 + (64 * 6),4)) -> 0x01BB | N71: =CONCATENATE("0x",DEC2HEX(E71 + (64 * 7),4)) -> 0x01FB | O71: =CONCATENATE("0x",DEC2HEX(E71 + (64 * 8),4)) -> 0x023B | P71: =CONCATENATE("0x",DEC2HEX(E71 + (64 * 9),4)) -> 0x027B | Q71: =CONCATENATE("0x",DEC2HEX(E71 + (64 * 10),4)) -> 0x02BB | R71: =CONCATENATE("0x",DEC2HEX(E71 + (64 * 11),4)) -> 0x02FB | S71: =CONCATENATE("0x",DEC2HEX(E71 + (64 * 12),4)) -> 0x033B | T71: =CONCATENATE("0x",DEC2HEX(E71 + (64 * 13),4)) -> 0x037B | U71: =CONCATENATE("0x",DEC2HEX(E71 + (64 * 14),4)) -> 0x03BB
C72: RESERVED | E72: 60 | G72: =CONCATENATE("0x",DEC2HEX(E72,4)) -> 0x003C | H72: =CONCATENATE("0x",DEC2HEX(E72 + (64 * 1),4)) -> 0x007C | I72: =CONCATENATE("0x",DEC2HEX(E72 + (64 * 2),4)) -> 0x00BC | J72: =CONCATENATE("0x",DEC2HEX(E72 + (64 * 3),4)) -> 0x00FC | K72: =CONCATENATE("0x",DEC2HEX(E72 + (64 * 4),4)) -> 0x013C | L72: =CONCATENATE("0x",DEC2HEX(E72 + (64 * 5),4)) -> 0x017C | M72: =CONCATENATE("0x",DEC2HEX(E72 + (64 * 6),4)) -> 0x01BC | N72: =CONCATENATE("0x",DEC2HEX(E72 + (64 * 7),4)) -> 0x01FC | O72: =CONCATENATE("0x",DEC2HEX(E72 + (64 * 8),4)) -> 0x023C | P72: =CONCATENATE("0x",DEC2HEX(E72 + (64 * 9),4)) -> 0x027C | Q72: =CONCATENATE("0x",DEC2HEX(E72 + (64 * 10),4)) -> 0x02BC | R72: =CONCATENATE("0x",DEC2HEX(E72 + (64 * 11),4)) -> 0x02FC | S72: =CONCATENATE("0x",DEC2HEX(E72 + (64 * 12),4)) -> 0x033C | T72: =CONCATENATE("0x",DEC2HEX(E72 + (64 * 13),4)) -> 0x037C | U72: =CONCATENATE("0x",DEC2HEX(E72 + (64 * 14),4)) -> 0x03BC
... C75: RESERVED | E75: 63 | G75: =CONCATENATE("0x",DEC2HEX(E75,4)) -> 0x003F | H75: =CONCATENATE("0x",DEC2HEX(E75 + (64 * 1),4)) -> 0x007F | I75: =CONCATENATE("0x",DEC2HEX(E75 + (64 * 2),4)) -> 0x00BF | J75: =CONCATENATE("0x",DEC2HEX(E75 + (64 * 3),4)) -> 0x00FF | K75: =CONCATENATE("0x",DEC2HEX(E75 + (64 * 4),4)) -> 0x013F | L75: =CONCATENATE("0x",DEC2HEX(E75 + (64 * 5),4)) -> 0x017F | M75: =CONCATENATE("0x",DEC2HEX(E75 + (64 * 6),4)) -> 0x01BF | N75: =CONCATENATE("0x",DEC2HEX(E75 + (64 * 7),4)) -> 0x01FF | O75: =CONCATENATE("0x",DEC2HEX(E75 + (64 * 8),4)) -> 0x023F | P75: =CONCATENATE("0x",DEC2HEX(E75 + (64 * 9),4)) -> 0x027F | Q75: =CONCATENATE("0x",DEC2HEX(E75 + (64 * 10),4)) -> 0x02BF | R75: =CONCATENATE("0x",DEC2HEX(E75 + (64 * 11),4)) -> 0x02FF | S75: =CONCATENATE("0x",DEC2HEX(E75 + (64 * 12),4)) -> 0x033F | T75: =CONCATENATE("0x",DEC2HEX(E75 + (64 * 13),4)) -> 0x037F | U75: =CONCATENATE("0x",DEC2HEX(E75 + (64 * 14),4)) -> 0x03BF
G78: Offset | H78: =HEX2DEC(80) -> 128
C79: SSONE <- CV | F79: EQP | G79: 30101 | H79: 30102 | I79: 30103 | J79: 30104 | K79: 30201 | L79: 30202 | M79: 30203 | N79: 30204 | O79: 30301 | P79: 30302 | Q79: 30303 | R79: 30304 | S79: 30501 | T79: 30502 | U79: 30503 | V79: …
F80: DP-Fosb | G80: MGV IN (AGV기능포함) | H80: MGV OUT (AGV기능포함) | I80: AGV IN | J80: AGV OUT | K80: OHT IN (MGV기능포함) | L80: OHT OUT (MGV기능포함) | M80: OHT IN (MGV기능포함) | N80: OHT OUT (MGV기능포함) | O80: AUTO IN | P80: AUTO IN | Q80: AUTO OUT | R80: AUTO OUT | S80: EQ | T80: EQ | U80: EQ
F81: DP-Wafer | G81: MGV IN | H81: MGV OUT | I81: AGV IN | J81: AGV OUT | K81: OHT IN (MGV기능포함) | L81: OHT OUT (MGV기능포함) | M81: OHT IN (MGV기능포함) | N81: OHT OUT (MGV기능포함) | O81: AUTO IN | P81: AUTO IN | Q81: AUTO OUT | R81: AUTO OUT | S81: EQ | T81: EQ | U81: EQ
F82: RECON-CST | G82: MGV IN (AGV기능포함) | H82: MGV OUT (AGV기능포함) | I82: AGV IN | J82: AGV OUT | K82: OHT IN (MGV기능포함) | L82: OHT OUT (MGV기능포함) | M82: OHT IN (MGV기능포함) | N82: OHT OUT (MGV기능포함) | O82: AUTO IN | P82: AUTO IN | Q82: AUTO OUT | R82: AUTO OUT | S82: EQ | T82: EQ | U82: EQ
F83: RECON-OVEN | G83: MGV IN (AGV기능포함) | H83: MGV OUT (AGV기능포함) | I83: AGV IN | J83: AGV OUT | K83: OHT IN (MGV기능포함) | L83: OHT OUT (MGV기능포함) | M83: OHT IN (MGV기능포함) | N83: OHT OUT (MGV기능포함) | O83: AUTO IN | P83: AUTO IN | Q83: AUTO OUT | R83: AUTO OUT | S83: EQ | T83: EQ | U83: EQ
F84: RDL-FOUP | G84: MGV IN (AGV기능포함) | H84: MGV OUT (AGV기능포함) | I84: AGV IN | J84: AGV OUT | K84: OHT IN (MGV기능포함) | L84: OHT OUT (MGV기능포함) | M84: OHT IN (MGV기능포함) | N84: OHT OUT (MGV기능포함) | O84: AUTO IN | P84: AUTO IN | Q84: AUTO OUT | R84: AUTO OUT | S84: EQ | T84: EQ | U84: EQ
F85: RDL-OVEN | G85: MGV IN (AGV기능포함) | H85: MGV OUT (AGV기능포함) | I85: AGV IN | J85: AGV OUT | K85: OHT IN (MGV기능포함) | L85: OHT OUT (MGV기능포함) | M85: OHT IN (MGV기능포함) | N85: OHT OUT (MGV기능포함) | O85: AUTO IN | P85: AUTO IN | Q85: AUTO OUT | R85: AUTO OUT | S85: EQ | T85: EQ | U85: EQ
F86: EOL-CST | G86: MGV IN (AGV기능포함) | H86: MGV OUT (AGV기능포함) | I86: AGV IN | J86: AGV OUT | K86: OHT IN (MGV기능포함) | L86: OHT OUT (MGV기능포함) | M86: OHT IN (MGV기능포함) | N86: OHT OUT (MGV기능포함) | O86: AUTO IN | P86: AUTO IN | Q86: AUTO OUT | R86: AUTO OUT | S86: EQ | T86: EQ | U86: EQ
F87: DIE BANK | G87: MGV IN (AGV기능포함) | H87: MGV OUT (AGV기능포함) | I87: AGV IN | J87: AGV OUT | K87: OHT IN (MGV기능포함) | L87: OHT OUT (MGV기능포함) | M87: OHT IN (MGV기능포함) | N87: OHT OUT (MGV기능포함) | O87: AUTO IN | P87: AUTO IN | Q87: AUTO OUT | R87: AUTO OUT | S87: EQ | T87: EQ | U87: EQ
B88: Master Program Comment | C88: Comment | D88: Description | E88: DEC | F88: Per Word | G88: STK<-PORT | H88: STK<-PORT | I88: STK<-PORT | J88: STK<-PORT | K88: STK<-PORT | L88: STK<-PORT | M88: STK<-PORT | N88: STK<-PORT | O88: STK<-PORT | P88: STK<-PORT | Q88: STK<-PORT | R88: STK<-PORT | S88: STK<-PORT | T88: STK<-PORT | U88: STK<-PORT
B89: 각 Bit는 Auto Control 중 Step 상황에 따라 Update 되며 RM에서 수신한 정보와 (RM From ID or RM To ID)가 (Port ID)와 일치하면 [CIM -> RM Bit Map] 업데이트 ([Port -> CIM bit Map 0 ~ 3] 값 을 [CIM -> RM bit D0 ~ d3] 에 Write)(Master Mode인 경우만) | C89: L-REQ | D89: Port -> Crane PIO 신호 | E89: 0 | F89: 1 | G89: =CONCATENATE("0x",DEC2HEX(E89,4)) -> 0x0000 | H89: =CONCATENATE("0x",DEC2HEX(E89 + (128 * 1),4)) -> 0x0080 | I89: =CONCATENATE("0x",DEC2HEX(E89 + (128 * 2),4)) -> 0x0100 | J89: =CONCATENATE("0x",DEC2HEX(E89 + (128 * 3),4)) -> 0x0180 | K89: =CONCATENATE("0x",DEC2HEX(E89 + (128 * 4),4)) -> 0x0200 | L89: =CONCATENATE("0x",DEC2HEX(E89 + (128 * 5),4)) -> 0x0280 | M89: =CONCATENATE("0x",DEC2HEX(E89 + (128 * 6),4)) -> 0x0300 | N89: =CONCATENATE("0x",DEC2HEX(E89 + (128 * 7),4)) -> 0x0380 | O89: =CONCATENATE("0x",DEC2HEX(E89 + (128 * 8),4)) -> 0x0400 | P89: =CONCATENATE("0x",DEC2HEX(E89 + (128 * 9),4)) -> 0x0480 | Q89: =CONCATENATE("0x",DEC2HEX(E89 + (128 * 10),4)) -> 0x0500 | R89: =CONCATENATE("0x",DEC2HEX(E89 + (128 * 11),4)) -> 0x0580 | S89: =CONCATENATE("0x",DEC2HEX(E89 + (128 * 12),4)) -> 0x0600 | T89: =CONCATENATE("0x",DEC2HEX(E89 + (128 * 13),4)) -> 0x0680 | U89: =CONCATENATE("0x",DEC2HEX(E89 + (128 * 14),4)) -> 0x0700
C90: UL-REQ | E90: 1 | G90: =CONCATENATE("0x",DEC2HEX(E90,4)) -> 0x0001 | H90: =CONCATENATE("0x",DEC2HEX(E90 + (128 * 1),4)) -> 0x0081 | I90: =CONCATENATE("0x",DEC2HEX(E90 + (128 * 2),4)) -> 0x0101 | J90: =CONCATENATE("0x",DEC2HEX(E90 + (128 * 3),4)) -> 0x0181 | K90: =CONCATENATE("0x",DEC2HEX(E90 + (128 * 4),4)) -> 0x0201 | L90: =CONCATENATE("0x",DEC2HEX(E90 + (128 * 5),4)) -> 0x0281 | M90: =CONCATENATE("0x",DEC2HEX(E90 + (128 * 6),4)) -> 0x0301 | N90: =CONCATENATE("0x",DEC2HEX(E90 + (128 * 7),4)) -> 0x0381 | O90: =CONCATENATE("0x",DEC2HEX(E90 + (128 * 8),4)) -> 0x0401 | P90: =CONCATENATE("0x",DEC2HEX(E90 + (128 * 9),4)) -> 0x0481 | Q90: =CONCATENATE("0x",DEC2HEX(E90 + (128 * 10),4)) -> 0x0501 | R90: =CONCATENATE("0x",DEC2HEX(E90 + (128 * 11),4)) -> 0x0581 | S90: =CONCATENATE("0x",DEC2HEX(E90 + (128 * 12),4)) -> 0x0601 | T90: =CONCATENATE("0x",DEC2HEX(E90 + (128 * 13),4)) -> 0x0681 | U90: =CONCATENATE("0x",DEC2HEX(E90 + (128 * 14),4)) -> 0x0701
C91: READY | E91: 2 | G91: =CONCATENATE("0x",DEC2HEX(E91,4)) -> 0x0002 | H91: =CONCATENATE("0x",DEC2HEX(E91 + (128 * 1),4)) -> 0x0082 | I91: =CONCATENATE("0x",DEC2HEX(E91 + (128 * 2),4)) -> 0x0102 | J91: =CONCATENATE("0x",DEC2HEX(E91 + (128 * 3),4)) -> 0x0182 | K91: =CONCATENATE("0x",DEC2HEX(E91 + (128 * 4),4)) -> 0x0202 | L91: =CONCATENATE("0x",DEC2HEX(E91 + (128 * 5),4)) -> 0x0282 | M91: =CONCATENATE("0x",DEC2HEX(E91 + (128 * 6),4)) -> 0x0302 | N91: =CONCATENATE("0x",DEC2HEX(E91 + (128 * 7),4)) -> 0x0382 | O91: =CONCATENATE("0x",DEC2HEX(E91 + (128 * 8),4)) -> 0x0402 | P91: =CONCATENATE("0x",DEC2HEX(E91 + (128 * 9),4)) -> 0x0482 | Q91: =CONCATENATE("0x",DEC2HEX(E91 + (128 * 10),4)) -> 0x0502 | R91: =CONCATENATE("0x",DEC2HEX(E91 + (128 * 11),4)) -> 0x0582 | S91: =CONCATENATE("0x",DEC2HEX(E91 + (128 * 12),4)) -> 0x0602 | T91: =CONCATENATE("0x",DEC2HEX(E91 + (128 * 13),4)) -> 0x0682 | U91: =CONCATENATE("0x",DEC2HEX(E91 + (128 * 14),4)) -> 0x0702
C92: PORT ERROR | E92: 3 | G92: =CONCATENATE("0x",DEC2HEX(E92,4)) -> 0x0003 | H92: =CONCATENATE("0x",DEC2HEX(E92 + (128 * 1),4)) -> 0x0083 | I92: =CONCATENATE("0x",DEC2HEX(E92 + (128 * 2),4)) -> 0x0103 | J92: =CONCATENATE("0x",DEC2HEX(E92 + (128 * 3),4)) -> 0x0183 | K92: =CONCATENATE("0x",DEC2HEX(E92 + (128 * 4),4)) -> 0x0203 | L92: =CONCATENATE("0x",DEC2HEX(E92 + (128 * 5),4)) -> 0x0283 | M92: =CONCATENATE("0x",DEC2HEX(E92 + (128 * 6),4)) -> 0x0303 | N92: =CONCATENATE("0x",DEC2HEX(E92 + (128 * 7),4)) -> 0x0383 | O92: =CONCATENATE("0x",DEC2HEX(E92 + (128 * 8),4)) -> 0x0403 | P92: =CONCATENATE("0x",DEC2HEX(E92 + (128 * 9),4)) -> 0x0483 | Q92: =CONCATENATE("0x",DEC2HEX(E92 + (128 * 10),4)) -> 0x0503 | R92: =CONCATENATE("0x",DEC2HEX(E92 + (128 * 11),4)) -> 0x0583 | S92: =CONCATENATE("0x",DEC2HEX(E92 + (128 * 12),4)) -> 0x0603 | T92: =CONCATENATE("0x",DEC2HEX(E92 + (128 * 13),4)) -> 0x0683 | U92: =CONCATENATE("0x",DEC2HEX(E92 + (128 * 14),4)) -> 0x0703
E93: 4 | G93: =CONCATENATE("0x",DEC2HEX(E93,4)) -> 0x0004 | H93: =CONCATENATE("0x",DEC2HEX(E93 + (128 * 1),4)) -> 0x0084 | I93: =CONCATENATE("0x",DEC2HEX(E93 + (128 * 2),4)) -> 0x0104 | J93: =CONCATENATE("0x",DEC2HEX(E93 + (128 * 3),4)) -> 0x0184 | K93: =CONCATENATE("0x",DEC2HEX(E93 + (128 * 4),4)) -> 0x0204 | L93: =CONCATENATE("0x",DEC2HEX(E93 + (128 * 5),4)) -> 0x0284 | M93: =CONCATENATE("0x",DEC2HEX(E93 + (128 * 6),4)) -> 0x0304 | N93: =CONCATENATE("0x",DEC2HEX(E93 + (128 * 7),4)) -> 0x0384 | O93: =CONCATENATE("0x",DEC2HEX(E93 + (128 * 8),4)) -> 0x0404 | P93: =CONCATENATE("0x",DEC2HEX(E93 + (128 * 9),4)) -> 0x0484 | Q93: =CONCATENATE("0x",DEC2HEX(E93 + (128 * 10),4)) -> 0x0504 | R93: =CONCATENATE("0x",DEC2HEX(E93 + (128 * 11),4)) -> 0x0584 | S93: =CONCATENATE("0x",DEC2HEX(E93 + (128 * 12),4)) -> 0x0604 | T93: =CONCATENATE("0x",DEC2HEX(E93 + (128 * 13),4)) -> 0x0684 | U93: =CONCATENATE("0x",DEC2HEX(E93 + (128 * 14),4)) -> 0x0704
E94: 5 | G94: =CONCATENATE("0x",DEC2HEX(E94,4)) -> 0x0005 | H94: =CONCATENATE("0x",DEC2HEX(E94 + (128 * 1),4)) -> 0x0085 | I94: =CONCATENATE("0x",DEC2HEX(E94 + (128 * 2),4)) -> 0x0105 | J94: =CONCATENATE("0x",DEC2HEX(E94 + (128 * 3),4)) -> 0x0185 | K94: =CONCATENATE("0x",DEC2HEX(E94 + (128 * 4),4)) -> 0x0205 | L94: =CONCATENATE("0x",DEC2HEX(E94 + (128 * 5),4)) -> 0x0285 | M94: =CONCATENATE("0x",DEC2HEX(E94 + (128 * 6),4)) -> 0x0305 | N94: =CONCATENATE("0x",DEC2HEX(E94 + (128 * 7),4)) -> 0x0385 | O94: =CONCATENATE("0x",DEC2HEX(E94 + (128 * 8),4)) -> 0x0405 | P94: =CONCATENATE("0x",DEC2HEX(E94 + (128 * 9),4)) -> 0x0485 | Q94: =CONCATENATE("0x",DEC2HEX(E94 + (128 * 10),4)) -> 0x0505 | R94: =CONCATENATE("0x",DEC2HEX(E94 + (128 * 11),4)) -> 0x0585 | S94: =CONCATENATE("0x",DEC2HEX(E94 + (128 * 12),4)) -> 0x0605 | T94: =CONCATENATE("0x",DEC2HEX(E94 + (128 * 13),4)) -> 0x0685 | U94: =CONCATENATE("0x",DEC2HEX(E94 + (128 * 14),4)) -> 0x0705
B95: PORT 자동 상태일 경우 1 | E95: 6 | G95: =CONCATENATE("0x",DEC2HEX(E95,4)) -> 0x0006 | H95: =CONCATENATE("0x",DEC2HEX(E95 + (128 * 1),4)) -> 0x0086 | I95: =CONCATENATE("0x",DEC2HEX(E95 + (128 * 2),4)) -> 0x0106 | J95: =CONCATENATE("0x",DEC2HEX(E95 + (128 * 3),4)) -> 0x0186 | K95: =CONCATENATE("0x",DEC2HEX(E95 + (128 * 4),4)) -> 0x0206 | L95: =CONCATENATE("0x",DEC2HEX(E95 + (128 * 5),4)) -> 0x0286 | M95: =CONCATENATE("0x",DEC2HEX(E95 + (128 * 6),4)) -> 0x0306 | N95: =CONCATENATE("0x",DEC2HEX(E95 + (128 * 7),4)) -> 0x0386 | O95: =CONCATENATE("0x",DEC2HEX(E95 + (128 * 8),4)) -> 0x0406 | P95: =CONCATENATE("0x",DEC2HEX(E95 + (128 * 9),4)) -> 0x0486 | Q95: =CONCATENATE("0x",DEC2HEX(E95 + (128 * 10),4)) -> 0x0506 | R95: =CONCATENATE("0x",DEC2HEX(E95 + (128 * 11),4)) -> 0x0586 | S95: =CONCATENATE("0x",DEC2HEX(E95 + (128 * 12),4)) -> 0x0606 | T95: =CONCATENATE("0x",DEC2HEX(E95 + (128 * 13),4)) -> 0x0686 | U95: =CONCATENATE("0x",DEC2HEX(E95 + (128 * 14),4)) -> 0x0706
B96: OP단에만 제품이 있으면 1 | E96: 7 | G96: =CONCATENATE("0x",DEC2HEX(E96,4)) -> 0x0007 | H96: =CONCATENATE("0x",DEC2HEX(E96 + (128 * 1),4)) -> 0x0087 | I96: =CONCATENATE("0x",DEC2HEX(E96 + (128 * 2),4)) -> 0x0107 | J96: =CONCATENATE("0x",DEC2HEX(E96 + (128 * 3),4)) -> 0x0187 | K96: =CONCATENATE("0x",DEC2HEX(E96 + (128 * 4),4)) -> 0x0207 | L96: =CONCATENATE("0x",DEC2HEX(E96 + (128 * 5),4)) -> 0x0287 | M96: =CONCATENATE("0x",DEC2HEX(E96 + (128 * 6),4)) -> 0x0307 | N96: =CONCATENATE("0x",DEC2HEX(E96 + (128 * 7),4)) -> 0x0387 | O96: =CONCATENATE("0x",DEC2HEX(E96 + (128 * 8),4)) -> 0x0407 | P96: =CONCATENATE("0x",DEC2HEX(E96 + (128 * 9),4)) -> 0x0487 | Q96: =CONCATENATE("0x",DEC2HEX(E96 + (128 * 10),4)) -> 0x0507 | R96: =CONCATENATE("0x",DEC2HEX(E96 + (128 * 11),4)) -> 0x0587 | S96: =CONCATENATE("0x",DEC2HEX(E96 + (128 * 12),4)) -> 0x0607 | T96: =CONCATENATE("0x",DEC2HEX(E96 + (128 * 13),4)) -> 0x0687 | U96: =CONCATENATE("0x",DEC2HEX(E96 + (128 * 14),4)) -> 0x0707
C97: TR-REQ | D97: Crane -> Port PIO 신호 | E97: 8 | G97: =CONCATENATE("0x",DEC2HEX(E97,4)) -> 0x0008 | H97: =CONCATENATE("0x",DEC2HEX(E97 + (128 * 1),4)) -> 0x0088 | I97: =CONCATENATE("0x",DEC2HEX(E97 + (128 * 2),4)) -> 0x0108 | J97: =CONCATENATE("0x",DEC2HEX(E97 + (128 * 3),4)) -> 0x0188 | K97: =CONCATENATE("0x",DEC2HEX(E97 + (128 * 4),4)) -> 0x0208 | L97: =CONCATENATE("0x",DEC2HEX(E97 + (128 * 5),4)) -> 0x0288 | M97: =CONCATENATE("0x",DEC2HEX(E97 + (128 * 6),4)) -> 0x0308 | N97: =CONCATENATE("0x",DEC2HEX(E97 + (128 * 7),4)) -> 0x0388 | O97: =CONCATENATE("0x",DEC2HEX(E97 + (128 * 8),4)) -> 0x0408 | P97: =CONCATENATE("0x",DEC2HEX(E97 + (128 * 9),4)) -> 0x0488 | Q97: =CONCATENATE("0x",DEC2HEX(E97 + (128 * 10),4)) -> 0x0508 | R97: =CONCATENATE("0x",DEC2HEX(E97 + (128 * 11),4)) -> 0x0588 | S97: =CONCATENATE("0x",DEC2HEX(E97 + (128 * 12),4)) -> 0x0608 | T97: =CONCATENATE("0x",DEC2HEX(E97 + (128 * 13),4)) -> 0x0688 | U97: =CONCATENATE("0x",DEC2HEX(E97 + (128 * 14),4)) -> 0x0708
B98: WMX의 Estop Flag가 켜져 있는 경우 true, 아닌 경우 false | C98: BUSY | E98: 9 | G98: =CONCATENATE("0x",DEC2HEX(E98,4)) -> 0x0009 | H98: =CONCATENATE("0x",DEC2HEX(E98 + (128 * 1),4)) -> 0x0089 | I98: =CONCATENATE("0x",DEC2HEX(E98 + (128 * 2),4)) -> 0x0109 | J98: =CONCATENATE("0x",DEC2HEX(E98 + (128 * 3),4)) -> 0x0189 | K98: =CONCATENATE("0x",DEC2HEX(E98 + (128 * 4),4)) -> 0x0209 | L98: =CONCATENATE("0x",DEC2HEX(E98 + (128 * 5),4)) -> 0x0289 | M98: =CONCATENATE("0x",DEC2HEX(E98 + (128 * 6),4)) -> 0x0309 | N98: =CONCATENATE("0x",DEC2HEX(E98 + (128 * 7),4)) -> 0x0389 | O98: =CONCATENATE("0x",DEC2HEX(E98 + (128 * 8),4)) -> 0x0409 | P98: =CONCATENATE("0x",DEC2HEX(E98 + (128 * 9),4)) -> 0x0489 | Q98: =CONCATENATE("0x",DEC2HEX(E98 + (128 * 10),4)) -> 0x0509 | R98: =CONCATENATE("0x",DEC2HEX(E98 + (128 * 11),4)) -> 0x0589 | S98: =CONCATENATE("0x",DEC2HEX(E98 + (128 * 12),4)) -> 0x0609 | T98: =CONCATENATE("0x",DEC2HEX(E98 + (128 * 13),4)) -> 0x0689 | U98: =CONCATENATE("0x",DEC2HEX(E98 + (128 * 14),4)) -> 0x0709 | X98: CARRIER
B99: 현재 Port의 운용 Direction이 Input인 경우 true 아닌 경우 false | C99: COMPLETE | E99: 10 | G99: =CONCATENATE("0x",DEC2HEX(E99,4)) -> 0x000A | H99: =CONCATENATE("0x",DEC2HEX(E99 + (128 * 1),4)) -> 0x008A | I99: =CONCATENATE("0x",DEC2HEX(E99 + (128 * 2),4)) -> 0x010A | J99: =CONCATENATE("0x",DEC2HEX(E99 + (128 * 3),4)) -> 0x018A | K99: =CONCATENATE("0x",DEC2HEX(E99 + (128 * 4),4)) -> 0x020A | L99: =CONCATENATE("0x",DEC2HEX(E99 + (128 * 5),4)) -> 0x028A | M99: =CONCATENATE("0x",DEC2HEX(E99 + (128 * 6),4)) -> 0x030A | N99: =CONCATENATE("0x",DEC2HEX(E99 + (128 * 7),4)) -> 0x038A | O99: =CONCATENATE("0x",DEC2HEX(E99 + (128 * 8),4)) -> 0x040A | P99: =CONCATENATE("0x",DEC2HEX(E99 + (128 * 9),4)) -> 0x048A | Q99: =CONCATENATE("0x",DEC2HEX(E99 + (128 * 10),4)) -> 0x050A | R99: =CONCATENATE("0x",DEC2HEX(E99 + (128 * 11),4)) -> 0x058A | S99: =CONCATENATE("0x",DEC2HEX(E99 + (128 * 12),4)) -> 0x060A | T99: =CONCATENATE("0x",DEC2HEX(E99 + (128 * 13),4)) -> 0x068A | U99: =CONCATENATE("0x",DEC2HEX(E99 + (128 * 14),4)) -> 0x070A | X99: OUTPUT SUPPRESS_STK ACK
B100: 현재 Port의 운용 Direction이 Output인 경우 true 아닌 경우 false | C100: STK AUTO | E100: 11 | G100: =CONCATENATE("0x",DEC2HEX(E100,4)) -> 0x000B | H100: =CONCATENATE("0x",DEC2HEX(E100 + (128 * 1),4)) -> 0x008B | I100: =CONCATENATE("0x",DEC2HEX(E100 + (128 * 2),4)) -> 0x010B | J100: =CONCATENATE("0x",DEC2HEX(E100 + (128 * 3),4)) -> 0x018B | K100: =CONCATENATE("0x",DEC2HEX(E100 + (128 * 4),4)) -> 0x020B | L100: =CONCATENATE("0x",DEC2HEX(E100 + (128 * 5),4)) -> 0x028B | M100: =CONCATENATE("0x",DEC2HEX(E100 + (128 * 6),4)) -> 0x030B | N100: =CONCATENATE("0x",DEC2HEX(E100 + (128 * 7),4)) -> 0x038B | O100: =CONCATENATE("0x",DEC2HEX(E100 + (128 * 8),4)) -> 0x040B | P100: =CONCATENATE("0x",DEC2HEX(E100 + (128 * 9),4)) -> 0x048B | Q100: =CONCATENATE("0x",DEC2HEX(E100 + (128 * 10),4)) -> 0x050B | R100: =CONCATENATE("0x",DEC2HEX(E100 + (128 * 11),4)) -> 0x058B | S100: =CONCATENATE("0x",DEC2HEX(E100 + (128 * 12),4)) -> 0x060B | T100: =CONCATENATE("0x",DEC2HEX(E100 + (128 * 13),4)) -> 0x068B | U100: =CONCATENATE("0x",DEC2HEX(E100 + (128 * 14),4)) -> 0x070B | X100: E-STOP
B101: WMX Input | C101: STK ESTOP | E101: 12 | G101: =CONCATENATE("0x",DEC2HEX(E101,4)) -> 0x000C | H101: =CONCATENATE("0x",DEC2HEX(E101 + (128 * 1),4)) -> 0x008C | I101: =CONCATENATE("0x",DEC2HEX(E101 + (128 * 2),4)) -> 0x010C | J101: =CONCATENATE("0x",DEC2HEX(E101 + (128 * 3),4)) -> 0x018C | K101: =CONCATENATE("0x",DEC2HEX(E101 + (128 * 4),4)) -> 0x020C | L101: =CONCATENATE("0x",DEC2HEX(E101 + (128 * 5),4)) -> 0x028C | M101: =CONCATENATE("0x",DEC2HEX(E101 + (128 * 6),4)) -> 0x030C | N101: =CONCATENATE("0x",DEC2HEX(E101 + (128 * 7),4)) -> 0x038C | O101: =CONCATENATE("0x",DEC2HEX(E101 + (128 * 8),4)) -> 0x040C | P101: =CONCATENATE("0x",DEC2HEX(E101 + (128 * 9),4)) -> 0x048C | Q101: =CONCATENATE("0x",DEC2HEX(E101 + (128 * 10),4)) -> 0x050C | R101: =CONCATENATE("0x",DEC2HEX(E101 + (128 * 11),4)) -> 0x058C | S101: =CONCATENATE("0x",DEC2HEX(E101 + (128 * 12),4)) -> 0x060C | T101: =CONCATENATE("0x",DEC2HEX(E101 + (128 * 13),4)) -> 0x068C | U101: =CONCATENATE("0x",DEC2HEX(E101 + (128 * 14),4)) -> 0x070C | X101: INPUT STATUS
C102: STK ERROR | E102: 13 | G102: =CONCATENATE("0x",DEC2HEX(E102,4)) -> 0x000D | H102: =CONCATENATE("0x",DEC2HEX(E102 + (128 * 1),4)) -> 0x008D | I102: =CONCATENATE("0x",DEC2HEX(E102 + (128 * 2),4)) -> 0x010D | J102: =CONCATENATE("0x",DEC2HEX(E102 + (128 * 3),4)) -> 0x018D | K102: =CONCATENATE("0x",DEC2HEX(E102 + (128 * 4),4)) -> 0x020D | L102: =CONCATENATE("0x",DEC2HEX(E102 + (128 * 5),4)) -> 0x028D | M102: =CONCATENATE("0x",DEC2HEX(E102 + (128 * 6),4)) -> 0x030D | N102: =CONCATENATE("0x",DEC2HEX(E102 + (128 * 7),4)) -> 0x038D | O102: =CONCATENATE("0x",DEC2HEX(E102 + (128 * 8),4)) -> 0x040D | P102: =CONCATENATE("0x",DEC2HEX(E102 + (128 * 9),4)) -> 0x048D | Q102: =CONCATENATE("0x",DEC2HEX(E102 + (128 * 10),4)) -> 0x050D | R102: =CONCATENATE("0x",DEC2HEX(E102 + (128 * 11),4)) -> 0x058D | S102: =CONCATENATE("0x",DEC2HEX(E102 + (128 * 12),4)) -> 0x060D | T102: =CONCATENATE("0x",DEC2HEX(E102 + (128 * 13),4)) -> 0x068D | U102: =CONCATENATE("0x",DEC2HEX(E102 + (128 * 14),4)) -> 0x070D | X102: OUTPUT STATUS
E103: 14 | G103: =CONCATENATE("0x",DEC2HEX(E103,4)) -> 0x000E | H103: =CONCATENATE("0x",DEC2HEX(E103 + (128 * 1),4)) -> 0x008E | I103: =CONCATENATE("0x",DEC2HEX(E103 + (128 * 2),4)) -> 0x010E | J103: =CONCATENATE("0x",DEC2HEX(E103 + (128 * 3),4)) -> 0x018E | K103: =CONCATENATE("0x",DEC2HEX(E103 + (128 * 4),4)) -> 0x020E | L103: =CONCATENATE("0x",DEC2HEX(E103 + (128 * 5),4)) -> 0x028E | M103: =CONCATENATE("0x",DEC2HEX(E103 + (128 * 6),4)) -> 0x030E | N103: =CONCATENATE("0x",DEC2HEX(E103 + (128 * 7),4)) -> 0x038E | O103: =CONCATENATE("0x",DEC2HEX(E103 + (128 * 8),4)) -> 0x040E | P103: =CONCATENATE("0x",DEC2HEX(E103 + (128 * 9),4)) -> 0x048E | Q103: =CONCATENATE("0x",DEC2HEX(E103 + (128 * 10),4)) -> 0x050E | R103: =CONCATENATE("0x",DEC2HEX(E103 + (128 * 11),4)) -> 0x058E | S103: =CONCATENATE("0x",DEC2HEX(E103 + (128 * 12),4)) -> 0x060E | T103: =CONCATENATE("0x",DEC2HEX(E103 + (128 * 13),4)) -> 0x068E | U103: =CONCATENATE("0x",DEC2HEX(E103 + (128 * 14),4)) -> 0x070E
E104: 15 | G104: =CONCATENATE("0x",DEC2HEX(E104,4)) -> 0x000F | H104: =CONCATENATE("0x",DEC2HEX(E104 + (128 * 1),4)) -> 0x008F | I104: =CONCATENATE("0x",DEC2HEX(E104 + (128 * 2),4)) -> 0x010F | J104: =CONCATENATE("0x",DEC2HEX(E104 + (128 * 3),4)) -> 0x018F | K104: =CONCATENATE("0x",DEC2HEX(E104 + (128 * 4),4)) -> 0x020F | L104: =CONCATENATE("0x",DEC2HEX(E104 + (128 * 5),4)) -> 0x028F | M104: =CONCATENATE("0x",DEC2HEX(E104 + (128 * 6),4)) -> 0x030F | N104: =CONCATENATE("0x",DEC2HEX(E104 + (128 * 7),4)) -> 0x038F | O104: =CONCATENATE("0x",DEC2HEX(E104 + (128 * 8),4)) -> 0x040F | P104: =CONCATENATE("0x",DEC2HEX(E104 + (128 * 9),4)) -> 0x048F | Q104: =CONCATENATE("0x",DEC2HEX(E104 + (128 * 10),4)) -> 0x050F | R104: =CONCATENATE("0x",DEC2HEX(E104 + (128 * 11),4)) -> 0x058F | S104: =CONCATENATE("0x",DEC2HEX(E104 + (128 * 12),4)) -> 0x060F | T104: =CONCATENATE("0x",DEC2HEX(E104 + (128 * 13),4)) -> 0x068F | U104: =CONCATENATE("0x",DEC2HEX(E104 + (128 * 14),4)) -> 0x070F
C105: Auto RUN Status | D105: Online 신호 삭제 Run 으로 통일 | E105: 16 | F105: 2 | G105: =CONCATENATE("0x",DEC2HEX(E105,4)) -> 0x0010 | H105: =CONCATENATE("0x",DEC2HEX(E105 + (128 * 1),4)) -> 0x0090 | I105: =CONCATENATE("0x",DEC2HEX(E105 + (128 * 2),4)) -> 0x0110 | J105: =CONCATENATE("0x",DEC2HEX(E105 + (128 * 3),4)) -> 0x0190 | K105: =CONCATENATE("0x",DEC2HEX(E105 + (128 * 4),4)) -> 0x0210 | L105: =CONCATENATE("0x",DEC2HEX(E105 + (128 * 5),4)) -> 0x0290 | M105: =CONCATENATE("0x",DEC2HEX(E105 + (128 * 6),4)) -> 0x0310 | N105: =CONCATENATE("0x",DEC2HEX(E105 + (128 * 7),4)) -> 0x0390 | O105: =CONCATENATE("0x",DEC2HEX(E105 + (128 * 8),4)) -> 0x0410 | P105: =CONCATENATE("0x",DEC2HEX(E105 + (128 * 9),4)) -> 0x0490 | Q105: =CONCATENATE("0x",DEC2HEX(E105 + (128 * 10),4)) -> 0x0510 | R105: =CONCATENATE("0x",DEC2HEX(E105 + (128 * 11),4)) -> 0x0590 | S105: =CONCATENATE("0x",DEC2HEX(E105 + (128 * 12),4)) -> 0x0610 | T105: =CONCATENATE("0x",DEC2HEX(E105 + (128 * 13),4)) -> 0x0690 | U105: =CONCATENATE("0x",DEC2HEX(E105 + (128 * 14),4)) -> 0x0710
B106: Auto Mode 면서 Auto Control 중이 아니며 Cycle Control 중이 아니고 Port가 Busy 상태가 아닌 경우 true | C106: RUN ENABLE | E106: 17 | G106: =CONCATENATE("0x",DEC2HEX(E106,4)) -> 0x0011 | H106: =CONCATENATE("0x",DEC2HEX(E106 + (128 * 1),4)) -> 0x0091 | I106: =CONCATENATE("0x",DEC2HEX(E106 + (128 * 2),4)) -> 0x0111 | J106: =CONCATENATE("0x",DEC2HEX(E106 + (128 * 3),4)) -> 0x0191 | K106: =CONCATENATE("0x",DEC2HEX(E106 + (128 * 4),4)) -> 0x0211 | L106: =CONCATENATE("0x",DEC2HEX(E106 + (128 * 5),4)) -> 0x0291 | M106: =CONCATENATE("0x",DEC2HEX(E106 + (128 * 6),4)) -> 0x0311 | N106: =CONCATENATE("0x",DEC2HEX(E106 + (128 * 7),4)) -> 0x0391 | O106: =CONCATENATE("0x",DEC2HEX(E106 + (128 * 8),4)) -> 0x0411 | P106: =CONCATENATE("0x",DEC2HEX(E106 + (128 * 9),4)) -> 0x0491 | Q106: =CONCATENATE("0x",DEC2HEX(E106 + (128 * 10),4)) -> 0x0511 | R106: =CONCATENATE("0x",DEC2HEX(E106 + (128 * 11),4)) -> 0x0591 | S106: =CONCATENATE("0x",DEC2HEX(E106 + (128 * 12),4)) -> 0x0611 | T106: =CONCATENATE("0x",DEC2HEX(E106 + (128 * 13),4)) -> 0x0691 | U106: =CONCATENATE("0x",DEC2HEX(E106 + (128 * 14),4)) -> 0x0711
...

Sheet Port Word
M1: Offset | N1: =HEX2DEC(80) -> 128
G2: SSONE -> CV | K2: PORT | L2: 30101 | M2: 30102 | N2: 30103 | O2: 30104 | P2: 30201 | Q2: 30202 | R2: 30203 | S2: 30204 | T2: 30301 | U2: 30302 | V2: 30303 | W2: 30304
K3: DP-Fosb | L3: MGV IN (AGV기능포함) | M3: MGV OUT (AGV기능포함) | N3: AGV IN | O3: AGV OUT | P3: OHT IN (MGV기능포함) | Q3: OHT OUT (MGV기능포함) | R3: OHT IN (MGV기능포함) | S3: OHT OUT (MGV기능포함) | T3: AUTO IN | U3: AUTO IN | V3: AUTO OUT | W3: AUTO OUT
K4: DP-Wafer | L4: MGV IN (AGV기능미사용) | M4: MGV OUT (AGV기능미사용) | N4: AGV IN (MGV기능미사용) | O4: AGV OUT (MGV기능미사용) | P4: OHT IN (MGV기능포함) | Q4: OHT OUT (MGV기능포함) | R4: OHT IN (MGV기능포함) | S4: OHT OUT (MGV기능포함) | T4: AUTO IN | U4: AUTO IN | V4: AUTO OUT | W4: AUTO OUT
K5: RECON-CST | L5: MGV IN (AGV기능포함) | M5: MGV OUT (AGV기능포함) | N5: AGV IN | O5: AGV OUT | P5: OHT IN (MGV기능포함) | Q5: OHT OUT (MGV기능포함) | R5: OHT IN (MGV기능포함) | S5: OHT OUT (MGV기능포함) | T5: AUTO IN | U5: AUTO IN | V5: AUTO OUT | W5: AUTO OUT
K6: RECON-OVEN | L6: MGV IN (AGV기능포함) | M6: MGV OUT (AGV기능포함) | N6: AGV IN | O6: AGV OUT | P6: OHT IN (MGV기능포함) | Q6: OHT OUT (MGV기능포함) | R6: OHT IN (MGV기능포함) | S6: OHT OUT (MGV기능포함) | T6: AUTO IN | U6: AUTO IN | V6: AUTO OUT | W6: AUTO OUT
K7: RDL-FOUP | L7: MGV IN (AGV기능포함) | M7: MGV OUT (AGV기능포함) | N7: AGV IN | O7: AGV OUT | P7: OHT IN (MGV기능포함) | Q7: OHT OUT (MGV기능포함) | R7: OHT IN (MGV기능포함) | S7: OHT OUT (MGV기능포함) | T7: AUTO IN | U7: AUTO IN | V7: AUTO OUT | W7: AUTO OUT
K8: RDL-OVEN | L8: MGV IN (AGV기능포함) | M8: MGV OUT (AGV기능포함) | N8: AGV IN | O8: AGV OUT | P8: OHT IN (MGV기능포함) | Q8: OHT OUT (MGV기능포함) | R8: OHT IN (MGV기능포함) | S8: OHT OUT (MGV기능포함) | T8: AUTO IN | U8: AUTO IN | V8: AUTO OUT | W8: AUTO OUT
K9: EOL-CST | L9: MGV IN (AGV기능포함) | M9: MGV OUT (AGV기능포함) | N9: AGV IN | O9: AGV OUT | P9: OHT IN (MGV기능포함) | Q9: OHT OUT (MGV기능포함) | R9: OHT IN (MGV기능포함) | S9: OHT OUT (MGV기능포함) | T9: AUTO IN | U9: AUTO IN | V9: AUTO OUT | W9: AUTO OUT
K10: DIE BANK | L10: MGV IN (AGV기능포함) | M10: MGV OUT (AGV기능포함) | N10: AGV IN | O10: AGV OUT | P10: OHT IN (MGV기능포함) | Q10: OHT OUT (MGV기능포함) | R10: OHT IN (MGV기능포함) | S10: OHT OUT (MGV기능포함) | T10: AUTO IN | U10: AUTO IN | V10: AUTO OUT | W10: AUTO OUT
B11: Buffer Sensor Detail | D11: Commet | G11: Master Program Comment | H11: Comment | I11: Description | J11: DEC | K11: Word Group | L11: STK->PORT | M11: STK->PORT | N11: STK->PORT | O11: STK->PORT | P11: STK->PORT | Q11: STK->PORT | R11: STK->PORT | S11: STK->PORT | T11: STK->PORT | U11: STK->PORT | V11: STK->PORT | W11: STK->PORT
B12: C/V High Speed FWD Move | C12: Bit | H12: Buffer#1 Control - MST | J12: 0 | K12: 1 | L12: =CONCATENATE("0x",DEC2HEX(J12,4)) -> 0x0000 | M12: =CONCATENATE("0x",DEC2HEX(J12 + (128 * 1),4)) -> 0x0080 | N12: =CONCATENATE("0x",DEC2HEX(J12 + (128 * 2),4)) -> 0x0100 | O12: =CONCATENATE("0x",DEC2HEX(J12 + (128 * 3),4)) -> 0x0180 | P12: =CONCATENATE("0x",DEC2HEX(J12 + (128 * 4),4)) -> 0x0200 | Q12: =CONCATENATE("0x",DEC2HEX(J12 + (128 * 5),4)) -> 0x0280 | R12: =CONCATENATE("0x",DEC2HEX(J12 + (128 * 6),4)) -> 0x0300 | S12: =CONCATENATE("0x",DEC2HEX(J12 + (128 * 7),4)) -> 0x0380 | T12: =CONCATENATE("0x",DEC2HEX(J12 + (128 * 8),4)) -> 0x0400 | U12: =CONCATENATE("0x",DEC2HEX(J12 + (128 * 9),4)) -> 0x0480 | V12: =CONCATENATE("0x",DEC2HEX(J12 + (128 * 10),4)) -> 0x0500 | W12: =CONCATENATE("0x",DEC2HEX(J12 + (128 * 11),4)) -> 0x0580
B13: C/V Low Speed FWD Move | C13: Bit | H13: Buffer#1 Control | J13: 1 | L13: =CONCATENATE("0x",DEC2HEX(J13,4)) -> 0x0001 | M13: =CONCATENATE("0x",DEC2HEX(J13 + (128 * 1),4)) -> 0x0081 | N13: =CONCATENATE("0x",DEC2HEX(J13 + (128 * 2),4)) -> 0x0101 | O13: =CONCATENATE("0x",DEC2HEX(J13 + (128 * 3),4)) -> 0x0181 | P13: =CONCATENATE("0x",DEC2HEX(J13 + (128 * 4),4)) -> 0x0201 | Q13: =CONCATENATE("0x",DEC2HEX(J13 + (128 * 5),4)) -> 0x0281 | R13: =CONCATENATE("0x",DEC2HEX(J13 + (128 * 6),4)) -> 0x0301 | S13: =CONCATENATE("0x",DEC2HEX(J13 + (128 * 7),4)) -> 0x0381 | T13: =CONCATENATE("0x",DEC2HEX(J13 + (128 * 8),4)) -> 0x0401 | U13: =CONCATENATE("0x",DEC2HEX(J13 + (128 * 9),4)) -> 0x0481 | V13: =CONCATENATE("0x",DEC2HEX(J13 + (128 * 10),4)) -> 0x0501 | W13: =CONCATENATE("0x",DEC2HEX(J13 + (128 * 11),4)) -> 0x0581
B14: C/V High Speed BWD Move | C14: Bit | H14: Buffer#2 Control- MST | J14: 2 | L14: =CONCATENATE("0x",DEC2HEX(J14,4)) -> 0x0002 | M14: =CONCATENATE("0x",DEC2HEX(J14 + (128 * 1),4)) -> 0x0082 | N14: =CONCATENATE("0x",DEC2HEX(J14 + (128 * 2),4)) -> 0x0102 | O14: =CONCATENATE("0x",DEC2HEX(J14 + (128 * 3),4)) -> 0x0182 | P14: =CONCATENATE("0x",DEC2HEX(J14 + (128 * 4),4)) -> 0x0202 | Q14: =CONCATENATE("0x",DEC2HEX(J14 + (128 * 5),4)) -> 0x0282 | R14: =CONCATENATE("0x",DEC2HEX(J14 + (128 * 6),4)) -> 0x0302 | S14: =CONCATENATE("0x",DEC2HEX(J14 + (128 * 7),4)) -> 0x0382 | T14: =CONCATENATE("0x",DEC2HEX(J14 + (128 * 8),4)) -> 0x0402 | U14: =CONCATENATE("0x",DEC2HEX(J14 + (128 * 9),4)) -> 0x0482 | V14: =CONCATENATE("0x",DEC2HEX(J14 + (128 * 10),4)) -> 0x0502 | W14: =CONCATENATE("0x",DEC2HEX(J14 + (128 * 11),4)) -> 0x0582
B15: C/V Low Speed BWD Move | C15: Bit | H15: Buffer#2 Control | J15: 3 | L15: =CONCATENATE("0x",DEC2HEX(J15,4)) -> 0x0003 | M15: =CONCATENATE("0x",DEC2HEX(J15 + (128 * 1),4)) -> 0x0083 | N15: =CONCATENATE("0x",DEC2HEX(J15 + (128 * 2),4)) -> 0x0103 | O15: =CONCATENATE("0x",DEC2HEX(J15 + (128 * 3),4)) -> 0x0183 | P15: =CONCATENATE("0x",DEC2HEX(J15 + (128 * 4),4)) -> 0x0203 | Q15: =CONCATENATE("0x",DEC2HEX(J15 + (128 * 5),4)) -> 0x0283 | R15: =CONCATENATE("0x",DEC2HEX(J15 + (128 * 6),4)) -> 0x0303 | S15: =CONCATENATE("0x",DEC2HEX(J15 + (128 * 7),4)) -> 0x0383 | T15: =CONCATENATE("0x",DEC2HEX(J15 + (128 * 8),4)) -> 0x0403 | U15: =CONCATENATE("0x",DEC2HEX(J15 + (128 * 9),4)) -> 0x0483 | V15: =CONCATENATE("0x",DEC2HEX(J15 + (128 * 10),4)) -> 0x0503 | W15: =CONCATENATE("0x",DEC2HEX(J15 + (128 * 11),4)) -> 0x0583
B16: Reserve | C16: Bit | H16: Buffer#3 Control | J16: 4 | L16: =CONCATENATE("0x",DEC2HEX(J16,4)) -> 0x0004 | M16: =CONCATENATE("0x",DEC2HEX(J16 + (128 * 1),4)) -> 0x0084 | N16: =CONCATENATE("0x",DEC2HEX(J16 + (128 * 2),4)) -> 0x0104 | O16: =CONCATENATE("0x",DEC2HEX(J16 + (128 * 3),4)) -> 0x0184 | P16: =CONCATENATE("0x",DEC2HEX(J16 + (128 * 4),4)) -> 0x0204 | Q16: =CONCATENATE("0x",DEC2HEX(J16 + (128 * 5),4)) -> 0x0284 | R16: =CONCATENATE("0x",DEC2HEX(J16 + (128 * 6),4)) -> 0x0304 | S16: =CONCATENATE("0x",DEC2HEX(J16 + (128 * 7),4)) -> 0x0384 | T16: =CONCATENATE("0x",DEC2HEX(J16 + (128 * 8),4)) -> 0x0404 | U16: =CONCATENATE("0x",DEC2HEX(J16 + (128 * 9),4)) -> 0x0484 | V16: =CONCATENATE("0x",DEC2HEX(J16 + (128 * 10),4)) -> 0x0504 | W16: =CONCATENATE("0x",DEC2HEX(J16 + (128 * 11),4)) -> 0x0584
B17: Reserve | C17: Bit | H17: Buffer#3 Control | J17: 5 | L17: =CONCATENATE("0x",DEC2HEX(J17,4)) -> 0x0005 | M17: =CONCATENATE("0x",DEC2HEX(J17 + (128 * 1),4)) -> 0x0085 | N17: =CONCATENATE("0x",DEC2HEX(J17 + (128 * 2),4)) -> 0x0105 | O17: =CONCATENATE("0x",DEC2HEX(J17 + (128 * 3),4)) -> 0x0185 | P17: =CONCATENATE("0x",DEC2HEX(J17 + (128 * 4),4)) -> 0x0205 | Q17: =CONCATENATE("0x",DEC2HEX(J17 + (128 * 5),4)) -> 0x0285 | R17: =CONCATENATE("0x",DEC2HEX(J17 + (128 * 6),4)) -> 0x0305 | S17: =CONCATENATE("0x",DEC2HEX(J17 + (128 * 7),4)) -> 0x0385 | T17: =CONCATENATE("0x",DEC2HEX(J17 + (128 * 8),4)) -> 0x0405 | U17: =CONCATENATE("0x",DEC2HEX(J17 + (128 * 9),4)) -> 0x0485 | V17: =CONCATENATE("0x",DEC2HEX(J17 + (128 * 10),4)) -> 0x0505 | W17: =CONCATENATE("0x",DEC2HEX(J17 + (128 * 11),4)) -> 0x0585
B18: Reserve | C18: Bit | H18: Buffer#4 Control | J18: 6 | L18: =CONCATENATE("0x",DEC2HEX(J18,4)) -> 0x0006 | M18: =CONCATENATE("0x",DEC2HEX(J18 + (128 * 1),4)) -> 0x0086 | N18: =CONCATENATE("0x",DEC2HEX(J18 + (128 * 2),4)) -> 0x0106 | O18: =CONCATENATE("0x",DEC2HEX(J18 + (128 * 3),4)) -> 0x0186 | P18: =CONCATENATE("0x",DEC2HEX(J18 + (128 * 4),4)) -> 0x0206 | Q18: =CONCATENATE("0x",DEC2HEX(J18 + (128 * 5),4)) -> 0x0286 | R18: =CONCATENATE("0x",DEC2HEX(J18 + (128 * 6),4)) -> 0x0306 | S18: =CONCATENATE("0x",DEC2HEX(J18 + (128 * 7),4)) -> 0x0386 | T18: =CONCATENATE("0x",DEC2HEX(J18 + (128 * 8),4)) -> 0x0406 | U18: =CONCATENATE("0x",DEC2HEX(J18 + (128 * 9),4)) -> 0x0486 | V18: =CONCATENATE("0x",DEC2HEX(J18 + (128 * 10),4)) -> 0x0506 | W18: =CONCATENATE("0x",DEC2HEX(J18 + (128 * 11),4)) -> 0x0586
B19: Reserve | C19: Bit | H19: Buffer#4 Control | J19: 7 | L19: =CONCATENATE("0x",DEC2HEX(J19,4)) -> 0x0007 | M19: =CONCATENATE("0x",DEC2HEX(J19 + (128 * 1),4)) -> 0x0087 | N19: =CONCATENATE("0x",DEC2HEX(J19 + (128 * 2),4)) -> 0x0107 | O19: =CONCATENATE("0x",DEC2HEX(J19 + (128 * 3),4)) -> 0x0187 | P19: =CONCATENATE("0x",DEC2HEX(J19 + (128 * 4),4)) -> 0x0207 | Q19: =CONCATENATE("0x",DEC2HEX(J19 + (128 * 5),4)) -> 0x0287 | R19: =CONCATENATE("0x",DEC2HEX(J19 + (128 * 6),4)) -> 0x0307 | S19: =CONCATENATE("0x",DEC2HEX(J19 + (128 * 7),4)) -> 0x0387 | T19: =CONCATENATE("0x",DEC2HEX(J19 + (128 * 8),4)) -> 0x0407 | U19: =CONCATENATE("0x",DEC2HEX(J19 + (128 * 9),4)) -> 0x0487 | V19: =CONCATENATE("0x",DEC2HEX(J19 + (128 * 10),4)) -> 0x0507 | W19: =CONCATENATE("0x",DEC2HEX(J19 + (128 * 11),4)) -> 0x0587
B20: C/V UP High Speed FWD Move | C20: Bit | H20: Buffer#5 Control | J20: 8 | L20: =CONCATENATE("0x",DEC2HEX(J20,4)) -> 0x0008 | M20: =CONCATENATE("0x",DEC2HEX(J20 + (128 * 1),4)) -> 0x0088 | N20: =CONCATENATE("0x",DEC2HEX(J20 + (128 * 2),4)) -> 0x0108 | O20: =CONCATENATE("0x",DEC2HEX(J20 + (128 * 3),4)) -> 0x0188 | P20: =CONCATENATE("0x",DEC2HEX(J20 + (128 * 4),4)) -> 0x0208 | Q20: =CONCATENATE("0x",DEC2HEX(J20 + (128 * 5),4)) -> 0x0288 | R20: =CONCATENATE("0x",DEC2HEX(J20 + (128 * 6),4)) -> 0x0308 | S20: =CONCATENATE("0x",DEC2HEX(J20 + (128 * 7),4)) -> 0x0388 | T20: =CONCATENATE("0x",DEC2HEX(J20 + (128 * 8),4)) -> 0x0408 | U20: =CONCATENATE("0x",DEC2HEX(J20 + (128 * 9),4)) -> 0x0488 | V20: =CONCATENATE("0x",DEC2HEX(J20 + (128 * 10),4)) -> 0x0508 | W20: =CONCATENATE("0x",DEC2HEX(J20 + (128 * 11),4)) -> 0x0588
B21: C/V UP Low Speed FWD Move | C21: Bit | H21: Buffer#5 Control | J21: 9 | L21: =CONCATENATE("0x",DEC2HEX(J21,4)) -> 0x0009 | M21: =CONCATENATE("0x",DEC2HEX(J21 + (128 * 1),4)) -> 0x0089 | N21: =CONCATENATE("0x",DEC2HEX(J21 + (128 * 2),4)) -> 0x0109 | O21: =CONCATENATE("0x",DEC2HEX(J21 + (128 * 3),4)) -> 0x0189 | P21: =CONCATENATE("0x",DEC2HEX(J21 + (128 * 4),4)) -> 0x0209 | Q21: =CONCATENATE("0x",DEC2HEX(J21 + (128 * 5),4)) -> 0x0289 | R21: =CONCATENATE("0x",DEC2HEX(J21 + (128 * 6),4)) -> 0x0309 | S21: =CONCATENATE("0x",DEC2HEX(J21 + (128 * 7),4)) -> 0x0389 | T21: =CONCATENATE("0x",DEC2HEX(J21 + (128 * 8),4)) -> 0x0409 | U21: =CONCATENATE("0x",DEC2HEX(J21 + (128 * 9),4)) -> 0x0489 | V21: =CONCATENATE("0x",DEC2HEX(J21 + (128 * 10),4)) -> 0x0509 | W21: =CONCATENATE("0x",DEC2HEX(J21 + (128 * 11),4)) -> 0x0589
B22: C/V Down High Speed BWD Move | C22: Bit | H22: Buffer 동시동작- MST | J22: 10 | L22: =CONCATENATE("0x",DEC2HEX(J22,4)) -> 0x000A | M22: =CONCATENATE("0x",DEC2HEX(J22 + (128 * 1),4)) -> 0x008A | N22: =CONCATENATE("0x",DEC2HEX(J22 + (128 * 2),4)) -> 0x010A | O22: =CONCATENATE("0x",DEC2HEX(J22 + (128 * 3),4)) -> 0x018A | P22: =CONCATENATE("0x",DEC2HEX(J22 + (128 * 4),4)) -> 0x020A | Q22: =CONCATENATE("0x",DEC2HEX(J22 + (128 * 5),4)) -> 0x028A | R22: =CONCATENATE("0x",DEC2HEX(J22 + (128 * 6),4)) -> 0x030A | S22: =CONCATENATE("0x",DEC2HEX(J22 + (128 * 7),4)) -> 0x038A | T22: =CONCATENATE("0x",DEC2HEX(J22 + (128 * 8),4)) -> 0x040A | U22: =CONCATENATE("0x",DEC2HEX(J22 + (128 * 9),4)) -> 0x048A | V22: =CONCATENATE("0x",DEC2HEX(J22 + (128 * 10),4)) -> 0x050A | W22: =CONCATENATE("0x",DEC2HEX(J22 + (128 * 11),4)) -> 0x058A
B23: C/V Down Low Speed BWD Move | C23: Bit | H23: RESERVED | J23: 11 | L23: =CONCATENATE("0x",DEC2HEX(J23,4)) -> 0x000B | M23: =CONCATENATE("0x",DEC2HEX(J23 + (128 * 1),4)) -> 0x008B | N23: =CONCATENATE("0x",DEC2HEX(J23 + (128 * 2),4)) -> 0x010B | O23: =CONCATENATE("0x",DEC2HEX(J23 + (128 * 3),4)) -> 0x018B | P23: =CONCATENATE("0x",DEC2HEX(J23 + (128 * 4),4)) -> 0x020B | Q23: =CONCATENATE("0x",DEC2HEX(J23 + (128 * 5),4)) -> 0x028B | R23: =CONCATENATE("0x",DEC2HEX(J23 + (128 * 6),4)) -> 0x030B | S23: =CONCATENATE("0x",DEC2HEX(J23 + (128 * 7),4)) -> 0x038B | T23: =CONCATENATE("0x",DEC2HEX(J23 + (128 * 8),4)) -> 0x040B | U23: =CONCATENATE("0x",DEC2HEX(J23 + (128 * 9),4)) -> 0x048B | V23: =CONCATENATE("0x",DEC2HEX(J23 + (128 * 10),4)) -> 0x050B | W23: =CONCATENATE("0x",DEC2HEX(J23 + (128 * 11),4)) -> 0x058B
B24: Reserve | C24: Bit | H24: Servo Control | J24: 12 | L24: =CONCATENATE("0x",DEC2HEX(J24,4)) -> 0x000C | M24: =CONCATENATE("0x",DEC2HEX(J24 + (128 * 1),4)) -> 0x008C | N24: =CONCATENATE("0x",DEC2HEX(J24 + (128 * 2),4)) -> 0x010C | O24: =CONCATENATE("0x",DEC2HEX(J24 + (128 * 3),4)) -> 0x018C | P24: =CONCATENATE("0x",DEC2HEX(J24 + (128 * 4),4)) -> 0x020C | Q24: =CONCATENATE("0x",DEC2HEX(J24 + (128 * 5),4)) -> 0x028C | R24: =CONCATENATE("0x",DEC2HEX(J24 + (128 * 6),4)) -> 0x030C | S24: =CONCATENATE("0x",DEC2HEX(J24 + (128 * 7),4)) -> 0x038C | T24: =CONCATENATE("0x",DEC2HEX(J24 + (128 * 8),4)) -> 0x040C | U24: =CONCATENATE("0x",DEC2HEX(J24 + (128 * 9),4)) -> 0x048C | V24: =CONCATENATE("0x",DEC2HEX(J24 + (128 * 10),4)) -> 0x050C | W24: =CONCATENATE("0x",DEC2HEX(J24 + (128 * 11),4)) -> 0x058C
... B27: Reserve | C27: Bit | H27: CST ON Delay | J27: 15 | L27: =CONCATENATE("0x",DEC2HEX(J27,4)) -> 0x000F | M27: =CONCATENATE("0x",DEC2HEX(J27 + (128 * 1),4)) -> 0x008F | N27: =CONCATENATE("0x",DEC2HEX(J27 + (128 * 2),4)) -> 0x010F | O27: =CONCATENATE("0x",DEC2HEX(J27 + (128 * 3),4)) -> 0x018F | P27: =CONCATENATE("0x",DEC2HEX(J27 + (128 * 4),4)) -> 0x020F | Q27: =CONCATENATE("0x",DEC2HEX(J27 + (128 * 5),4)) -> 0x028F | R27: =CONCATENATE("0x",DEC2HEX(J27 + (128 * 6),4)) -> 0x030F | S27: =CONCATENATE("0x",DEC2HEX(J27 + (128 * 7),4)) -> 0x038F | T27: =CONCATENATE("0x",DEC2HEX(J27 + (128 * 8),4)) -> 0x040F | U27: =CONCATENATE("0x",DEC2HEX(J27 + (128 * 9),4)) -> 0x048F | V27: =CONCATENATE("0x",DEC2HEX(J27 + (128 * 10),4)) -> 0x050F | W27: =CONCATENATE("0x",DEC2HEX(J27 + (128 * 11),4)) -> 0x058F
G28: Write Flag가 1인 경우에 Write를 진행하며 Input Mode인 경우 [Port -> CIM Word Map 0x40(Buffer 1)] 영역에 Write, Output Mode인 경우 [Port -> CIM Word Map 0x80(Buffer 2)] 영역에 Write | H28: Carrier ID#01 - CIM TO CV | J28: 16 | K28: 2 | L28: =CONCATENATE("0x",DEC2HEX(J28,4)) -> 0x0010 | M28: =CONCATENATE("0x",DEC2HEX(J28 + (128 * 1),4)) -> 0x0090 | N28: =CONCATENATE("0x",DEC2HEX(J28 + (128 * 2),4)) -> 0x0110 | O28: =CONCATENATE("0x",DEC2HEX(J28 + (128 * 3),4)) -> 0x0190 | P28: =CONCATENATE("0x",DEC2HEX(J28 + (128 * 4),4)) -> 0x0210 | Q28: =CONCATENATE("0x",DEC2HEX(J28 + (128 * 5),4)) -> 0x0290 | R28: =CONCATENATE("0x",DEC2HEX(J28 + (128 * 6),4)) -> 0x0310 | S28: =CONCATENATE("0x",DEC2HEX(J28 + (128 * 7),4)) -> 0x0390 | T28: =CONCATENATE("0x",DEC2HEX(J28 + (128 * 8),4)) -> 0x0410 | U28: =CONCATENATE("0x",DEC2HEX(J28 + (128 * 9),4)) -> 0x0490 | V28: =CONCATENATE("0x",DEC2HEX(J28 + (128 * 10),4)) -> 0x0510 | W28: =CONCATENATE("0x",DEC2HEX(J28 + (128 * 11),4)) -> 0x0590
H29: Carrier ID#02 - CIM TO CV | J29: 17 | L29: =CONCATENATE("0x",DEC2HEX(J29,4)) -> 0x0011 | M29: =CONCATENATE("0x",DEC2HEX(J29 + (128 * 1),4)) -> 0x0091 | N29: =CONCATENATE("0x",DEC2HEX(J29 + (128 * 2),4)) -> 0x0111 | O29: =CONCATENATE("0x",DEC2HEX(J29 + (128 * 3),4)) -> 0x0191 | P29: =CONCATENATE("0x",DEC2HEX(J29 + (128 * 4),4)) -> 0x0211 | Q29: =CONCATENATE("0x",DEC2HEX(J29 + (128 * 5),4)) -> 0x0291 | R29: =CONCATENATE("0x",DEC2HEX(J29 + (128 * 6),4)) -> 0x0311 | S29: =CONCATENATE("0x",DEC2HEX(J29 + (128 * 7),4)) -> 0x0391 | T29: =CONCATENATE("0x",DEC2HEX(J29 + (128 * 8),4)) -> 0x0411 | U29: =CONCATENATE("0x",DEC2HEX(J29 + (128 * 9),4)) -> 0x0491 | V29: =CONCATENATE("0x",DEC2HEX(J29 + (128 * 10),4)) -> 0x0511 | W29: =CONCATENATE("0x",DEC2HEX(J29 + (128 * 11),4)) -> 0x0591
H30: Carrier ID#03 - CIM TO CV | J30: 18 | L30: =CONCATENATE("0x",DEC2HEX(J30,4)) -> 0x0012 | M30: =CONCATENATE("0x",DEC2HEX(J30 + (128 * 1),4)) -> 0x0092 | N30: =CONCATENATE("0x",DEC2HEX(J30 + (128 * 2),4)) -> 0x0112 | O30: =CONCATENATE("0x",DEC2HEX(J30 + (128 * 3),4)) -> 0x0192 | P30: =CONCATENATE("0x",DEC2HEX(J30 + (128 * 4),4)) -> 0x0212 | Q30: =CONCATENATE("0x",DEC2HEX(J30 + (128 * 5),4)) -> 0x0292 | R30: =CONCATENATE("0x",DEC2HEX(J30 + (128 * 6),4)) -> 0x0312 | S30: =CONCATENATE("0x",DEC2HEX(J30 + (128 * 7),4)) -> 0x0392 | T30: =CONCATENATE("0x",DEC2HEX(J30 + (128 * 8),4)) -> 0x0412 | U30: =CONCATENATE("0x",DEC2HEX(J30 + (128 * 9),4)) -> 0x0492 | V30: =CONCATENATE("0x",DEC2HEX(J30 + (128 * 10),4)) -> 0x0512 | W30: =CONCATENATE("0x",DEC2HEX(J30 + (128 * 11),4)) -> 0x0592
H31: Carrier ID#04 - CIM TO CV | J31: 19 | L31: =CONCATENATE("0x",DEC2HEX(J31,4)) -> 0x0013 | M31: =CONCATENATE("0x",DEC2HEX(J31 + (128 * 1),4)) -> 0x0093 | N31: =CONCATENATE("0x",DEC2HEX(J31 + (128 * 2),4)) -> 0x0113 | O31: =CONCATENATE("0x",DEC2HEX(J31 + (128 * 3),4)) -> 0x0193 | P31: =CONCATENATE("0x",DEC2HEX(J31 + (128 * 4),4)) -> 0x0213 | Q31: =CONCATENATE("0x",DEC2HEX(J31 + (128 * 5),4)) -> 0x0293 | R31: =CONCATENATE("0x",DEC2HEX(J31 + (128 * 6),4)) -> 0x0313 | S31: =CONCATENATE("0x",DEC2HEX(J31 + (128 * 7),4)) -> 0x0393 | T31: =CONCATENATE("0x",DEC2HEX(J31 + (128 * 8),4)) -> 0x0413 | U31: =CONCATENATE("0x",DEC2HEX(J31 + (128 * 9),4)) -> 0x0493 | V31: =CONCATENATE("0x",DEC2HEX(J31 + (128 * 10),4)) -> 0x0513 | W31: =CONCATENATE("0x",DEC2HEX(J31 + (128 * 11),4)) -> 0x0593
B32: Buffer Sensor Detail | D32: Commet | H32: Carrier ID#05 - CIM TO CV | J32: 20 | L32: =CONCATENATE("0x",DEC2HEX(J32,4)) -> 0x0014 | M32: =CONCATENATE("0x",DEC2HEX(J32 + (128 * 1),4)) -> 0x0094 | N32: =CONCATENATE("0x",DEC2HEX(J32 + (128 * 2),4)) -> 0x0114 | O32: =CONCATENATE("0x",DEC2HEX(J32 + (128 * 3),4)) -> 0x0194 | P32: =CONCATENATE("0x",DEC2HEX(J32 + (128 * 4),4)) -> 0x0214 | Q32: =CONCATENATE("0x",DEC2HEX(J32 + (128 * 5),4)) -> 0x0294 | R32: =CONCATENATE("0x",DEC2HEX(J32 + (128 * 6),4)) -> 0x0314 | S32: =CONCATENATE("0x",DEC2HEX(J32 + (128 * 7),4)) -> 0x0394 | T32: =CONCATENATE("0x",DEC2HEX(J32 + (128 * 8),4)) -> 0x0414 | U32: =CONCATENATE("0x",DEC2HEX(J32 + (128 * 9),4)) -> 0x0494 | V32: =CONCATENATE("0x",DEC2HEX(J32 + (128 * 10),4)) -> 0x0514 | W32: =CONCATENATE("0x",DEC2HEX(J32 + (128 * 11),4)) -> 0x0594
B33: C/V High Speed FWD Move | C33: Bit | H33: Carrier ID#06 - CIM TO CV | J33: 21 | L33: =CONCATENATE("0x",DEC2HEX(J33,4)) -> 0x0015 | M33: =CONCATENATE("0x",DEC2HEX(J33 + (128 * 1),4)) -> 0x0095 | N33: =CONCATENATE("0x",DEC2HEX(J33 + (128 * 2),4)) -> 0x0115 | O33: =CONCATENATE("0x",DEC2HEX(J33 + (128 * 3),4)) -> 0x0195 | P33: =CONCATENATE("0x",DEC2HEX(J33 + (128 * 4),4)) -> 0x0215 | Q33: =CONCATENATE("0x",DEC2HEX(J33 + (128 * 5),4)) -> 0x0295 | R33: =CONCATENATE("0x",DEC2HEX(J33 + (128 * 6),4)) -> 0x0315 | S33: =CONCATENATE("0x",DEC2HEX(J33 + (128 * 7),4)) -> 0x0395 | T33: =CONCATENATE("0x",DEC2HEX(J33 + (128 * 8),4)) -> 0x0415 | U33: =CONCATENATE("0x",DEC2HEX(J33 + (128 * 9),4)) -> 0x0495 | V33: =CONCATENATE("0x",DEC2HEX(J33 + (128 * 10),4)) -> 0x0515 | W33: =CONCATENATE("0x",DEC2HEX(J33 + (128 * 11),4)) -> 0x0595
B34: C/V Low Speed FWD Move | C34: Bit | H34: Carrier ID#07 - CIM TO CV | J34: 22 | L34: =CONCATENATE("0x",DEC2HEX(J34,4)) -> 0x0016 | M34: =CONCATENATE("0x",DEC2HEX(J34 + (128 * 1),4)) -> 0x0096 | N34: =CONCATENATE("0x",DEC2HEX(J34 + (128 * 2),4)) -> 0x0116 | O34: =CONCATENATE("0x",DEC2HEX(J34 + (128 * 3),4)) -> 0x0196 | P34: =CONCATENATE("0x",DEC2HEX(J34 + (128 * 4),4)) -> 0x0216 | Q34: =CONCATENATE("0x",DEC2HEX(J34 + (128 * 5),4)) -> 0x0296 | R34: =CONCATENATE("0x",DEC2HEX(J34 + (128 * 6),4)) -> 0x0316 | S34: =CONCATENATE("0x",DEC2HEX(J34 + (128 * 7),4)) -> 0x0396 | T34: =CONCATENATE("0x",DEC2HEX(J34 + (128 * 8),4)) -> 0x0416 | U34: =CONCATENATE("0x",DEC2HEX(J34 + (128 * 9),4)) -> 0x0496 | V34: =CONCATENATE("0x",DEC2HEX(J34 + (128 * 10),4)) -> 0x0516 | W34: =CONCATENATE("0x",DEC2HEX(J34 + (128 * 11),4)) -> 0x0596
B35: C/V High Speed BWD Move | C35: Bit | H35: Carrier ID#08 - CIM TO CV | J35: 23 | L35: =CONCATENATE("0x",DEC2HEX(J35,4)) -> 0x0017 | M35: =CONCATENATE("0x",DEC2HEX(J35 + (128 * 1),4)) -> 0x0097 | N35: =CONCATENATE("0x",DEC2HEX(J35 + (128 * 2),4)) -> 0x0117 | O35: =CONCATENATE("0x",DEC2HEX(J35 + (128 * 3),4)) -> 0x0197 | P35: =CONCATENATE("0x",DEC2HEX(J35 + (128 * 4),4)) -> 0x0217 | Q35: =CONCATENATE("0x",DEC2HEX(J35 + (128 * 5),4)) -> 0x0297 | R35: =CONCATENATE("0x",DEC2HEX(J35 + (128 * 6),4)) -> 0x0317 | S35: =CONCATENATE("0x",DEC2HEX(J35 + (128 * 7),4)) -> 0x0397 | T35: =CONCATENATE("0x",DEC2HEX(J35 + (128 * 8),4)) -> 0x0417 | U35: =CONCATENATE("0x",DEC2HEX(J35 + (128 * 9),4)) -> 0x0497 | V35: =CONCATENATE("0x",DEC2HEX(J35 + (128 * 10),4)) -> 0x0517 | W35: =CONCATENATE("0x",DEC2HEX(J35 + (128 * 11),4)) -> 0x0597
B36: C/V Low Speed BWD Move | C36: Bit | H36: Carrier ID#09 - CIM TO CV | J36: 24 | L36: =CONCATENATE("0x",DEC2HEX(J36,4)) -> 0x0018 | M36: =CONCATENATE("0x",DEC2HEX(J36 + (128 * 1),4)) -> 0x0098 | N36: =CONCATENATE("0x",DEC2HEX(J36 + (128 * 2),4)) -> 0x0118 | O36: =CONCATENATE("0x",DEC2HEX(J36 + (128 * 3),4)) -> 0x0198 | P36: =CONCATENATE("0x",DEC2HEX(J36 + (128 * 4),4)) -> 0x0218 | Q36: =CONCATENATE("0x",DEC2HEX(J36 + (128 * 5),4)) -> 0x0298 | R36: =CONCATENATE("0x",DEC2HEX(J36 + (128 * 6),4)) -> 0x0318 | S36: =CONCATENATE("0x",DEC2HEX(J36 + (128 * 7),4)) -> 0x0398 | T36: =CONCATENATE("0x",DEC2HEX(J36 + (128 * 8),4)) -> 0x0418 | U36: =CONCATENATE("0x",DEC2HEX(J36 + (128 * 9),4)) -> 0x0498 | V36: =CONCATENATE("0x",DEC2HEX(J36 + (128 * 10),4)) -> 0x0518 | W36: =CONCATENATE("0x",DEC2HEX(J36 + (128 * 11),4)) -> 0x0598
B37: Reserve | C37: Bit | H37: Carrier ID#10 - CIM TO CV | J37: 25 | L37: =CONCATENATE("0x",DEC2HEX(J37,4)) -> 0x0019 | M37: =CONCATENATE("0x",DEC2HEX(J37 + (128 * 1),4)) -> 0x0099 | N37: =CONCATENATE("0x",DEC2HEX(J37 + (128 * 2),4)) -> 0x0119 | O37: =CONCATENATE("0x",DEC2HEX(J37 + (128 * 3),4)) -> 0x0199 | P37: =CONCATENATE("0x",DEC2HEX(J37 + (128 * 4),4)) -> 0x0219 | Q37: =CONCATENATE("0x",DEC2HEX(J37 + (128 * 5),4)) -> 0x0299 | R37: =CONCATENATE("0x",DEC2HEX(J37 + (128 * 6),4)) -> 0x0319 | S37: =CONCATENATE("0x",DEC2HEX(J37 + (128 * 7),4)) -> 0x0399 | T37: =CONCATENATE("0x",DEC2HEX(J37 + (128 * 8),4)) -> 0x0419 | U37: =CONCATENATE("0x",DEC2HEX(J37 + (128 * 9),4)) -> 0x0499 | V37: =CONCATENATE("0x",DEC2HEX(J37 + (128 * 10),4)) -> 0x0519 | W37: =CONCATENATE("0x",DEC2HEX(J37 + (128 * 11),4)) -> 0x0599
B38: Reserve | C38: Bit | H38: Carrier ID#11 - CIM TO CV | J38: 26 | L38: =CONCATENATE("0x",DEC2HEX(J38,4)) -> 0x001A | M38: =CONCATENATE("0x",DEC2HEX(J38 + (128 * 1),4)) -> 0x009A | N38: =CONCATENATE("0x",DEC2HEX(J38 + (128 * 2),4)) -> 0x011A | O38: =CONCATENATE("0x",DEC2HEX(J38 + (128 * 3),4)) -> 0x019A | P38: =CONCATENATE("0x",DEC2HEX(J38 + (128 * 4),4)) -> 0x021A | Q38: =CONCATENATE("0x",DEC2HEX(J38 + (128 * 5),4)) -> 0x029A | R38: =CONCATENATE("0x",DEC2HEX(J38 + (128 * 6),4)) -> 0x031A | S38: =CONCATENATE("0x",DEC2HEX(J38 + (128 * 7),4)) -> 0x039A | T38: =CONCATENATE("0x",DEC2HEX(J38 + (128 * 8),4)) -> 0x041A | U38: =CONCATENATE("0x",DEC2HEX(J38 + (128 * 9),4)) -> 0x049A | V38: =CONCATENATE("0x",DEC2HEX(J38 + (128 * 10),4)) -> 0x051A | W38: =CONCATENATE("0x",DEC2HEX(J38 + (128 * 11),4)) -> 0x059A
B39: Reserve | C39: Bit | H39: Carrier ID#12 - CIM TO CV | J39: 27 | L39: =CONCATENATE("0x",DEC2HEX(J39,4)) -> 0x001B | M39: =CONCATENATE("0x",DEC2HEX(J39 + (128 * 1),4)) -> 0x009B | N39: =CONCATENATE("0x",DEC2HEX(J39 + (128 * 2),4)) -> 0x011B | O39: =CONCATENATE("0x",DEC2HEX(J39 + (128 * 3),4)) -> 0x019B | P39: =CONCATENATE("0x",DEC2HEX(J39 + (128 * 4),4)) -> 0x021B | Q39: =CONCATENATE("0x",DEC2HEX(J39 + (128 * 5),4)) -> 0x029B | R39: =CONCATENATE("0x",DEC2HEX(J39 + (128 * 6),4)) -> 0x031B | S39: =CONCATENATE("0x",DEC2HEX(J39 + (128 * 7),4)) -> 0x039B | T39: =CONCATENATE("0x",DEC2HEX(J39 + (128 * 8),4)) -> 0x041B | U39: =CONCATENATE("0x",DEC2HEX(J39 + (128 * 9),4)) -> 0x049B | V39: =CONCATENATE("0x",DEC2HEX(J39 + (128 * 10),4)) -> 0x051B | W39: =CONCATENATE("0x",DEC2HEX(J39 + (128 * 11),4)) -> 0x059B
B40: Reserve | C40: Bit | H40: Carrier ID#13 - CIM TO CV | J40: 28 | L40: =CONCATENATE("0x",DEC2HEX(J40,4)) -> 0x001C | M40: =CONCATENATE("0x",DEC2HEX(J40 + (128 * 1),4)) -> 0x009C | N40: =CONCATENATE("0x",DEC2HEX(J40 + (128 * 2),4)) -> 0x011C | O40: =CONCATENATE("0x",DEC2HEX(J40 + (128 * 3),4)) -> 0x019C | P40: =CONCATENATE("0x",DEC2HEX(J40 + (128 * 4),4)) -> 0x021C | Q40: =CONCATENATE("0x",DEC2HEX(J40 + (128 * 5),4)) -> 0x029C | R40: =CONCATENATE("0x",DEC2HEX(J40 + (128 * 6),4)) -> 0x031C | S40: =CONCATENATE("0x",DEC2HEX(J40 + (128 * 7),4)) -> 0x039C | T40: =CONCATENATE("0x",DEC2HEX(J40 + (128 * 8),4)) -> 0x041C | U40: =CONCATENATE("0x",DEC2HEX(J40 + (128 * 9),4)) -> 0x049C | V40: =CONCATENATE("0x",DEC2HEX(J40 + (128 * 10),4)) -> 0x051C | W40: =CONCATENATE("0x",DEC2HEX(J40 + (128 * 11),4)) -> 0x059C
B41: Reserve | C41: Bit | H41: Carrier ID#14 - CIM TO CV | J41: 29 | L41: =CONCATENATE("0x",DEC2HEX(J41,4)) -> 0x001D | M41: =CONCATENATE("0x",DEC2HEX(J41 + (128 * 1),4)) -> 0x009D | N41: =CONCATENATE("0x",DEC2HEX(J41 + (128 * 2),4)) -> 0x011D | O41: =CONCATENATE("0x",DEC2HEX(J41 + (128 * 3),4)) -> 0x019D | P41: =CONCATENATE("0x",DEC2HEX(J41 + (128 * 4),4)) -> 0x021D | Q41: =CONCATENATE("0x",DEC2HEX(J41 + (128 * 5),4)) -> 0x029D | R41: =CONCATENATE("0x",DEC2HEX(J41 + (128 * 6),4)) -> 0x031D | S41: =CONCATENATE("0x",DEC2HEX(J41 + (128 * 7),4)) -> 0x039D | T41: =CONCATENATE("0x",DEC2HEX(J41 + (128 * 8),4)) -> 0x041D | U41: =CONCATENATE("0x",DEC2HEX(J41 + (128 * 9),4)) -> 0x049D | V41: =CONCATENATE("0x",DEC2HEX(J41 + (128 * 10),4)) -> 0x051D | W41: =CONCATENATE("0x",DEC2HEX(J41 + (128 * 11),4)) -> 0x059D
B42: Reserve | C42: Bit | H42: Carrier ID#15 - CIM TO CV | J42: 30 | L42: =CONCATENATE("0x",DEC2HEX(J42,4)) -> 0x001E | M42: =CONCATENATE("0x",DEC2HEX(J42 + (128 * 1),4)) -> 0x009E | N42: =CONCATENATE("0x",DEC2HEX(J42 + (128 * 2),4)) -> 0x011E | O42: =CONCATENATE("0x",DEC2HEX(J42 + (128 * 3),4)) -> 0x019E | P42: =CONCATENATE("0x",DEC2HEX(J42 + (128 * 4),4)) -> 0x021E | Q42: =CONCATENATE("0x",DEC2HEX(J42 + (128 * 5),4)) -> 0x029E | R42: =CONCATENATE("0x",DEC2HEX(J42 + (128 * 6),4)) -> 0x031E | S42: =CONCATENATE("0x",DEC2HEX(J42 + (128 * 7),4)) -> 0x039E | T42: =CONCATENATE("0x",DEC2HEX(J42 + (128 * 8),4)) -> 0x041E | U42: =CONCATENATE("0x",DEC2HEX(J42 + (128 * 9),4)) -> 0x049E | V42: =CONCATENATE("0x",DEC2HEX(J42 + (128 * 10),4)) -> 0x051E | W42: =CONCATENATE("0x",DEC2HEX(J42 + (128 * 11),4)) -> 0x059E
B43: Reserve | C43: Bit | H43: Carrier ID#16 - CIM TO CV | J43: 31 | L43: =CONCATENATE("0x",DEC2HEX(J43,4)) -> 0x001F | M43: =CONCATENATE("0x",DEC2HEX(J43 + (128 * 1),4)) -> 0x009F | N43: =CONCATENATE("0x",DEC2HEX(J43 + (128 * 2),4)) -> 0x011F | O43: =CONCATENATE("0x",DEC2HEX(J43 + (128 * 3),4)) -> 0x019F | P43: =CONCATENATE("0x",DEC2HEX(J43 + (128 * 4),4)) -> 0x021F | Q43: =CONCATENATE("0x",DEC2HEX(J43 + (128 * 5),4)) -> 0x029F | R43: =CONCATENATE("0x",DEC2HEX(J43 + (128 * 6),4)) -> 0x031F | S43: =CONCATENATE("0x",DEC2HEX(J43 + (128 * 7),4)) -> 0x039F | T43: =CONCATENATE("0x",DEC2HEX(J43 + (128 * 8),4)) -> 0x041F | U43: =CONCATENATE("0x",DEC2HEX(J43 + (128 * 9),4)) -> 0x049F | V43: =CONCATENATE("0x",DEC2HEX(J43 + (128 * 10),4)) -> 0x051F | W43: =CONCATENATE("0x",DEC2HEX(J43 + (128 * 11),4)) -> 0x059F
B44: Reserve | C44: Bit | H44: Carrier ID#17 - CIM TO CV | J44: 32 | K44: 3 | L44: =CONCATENATE("0x",DEC2HEX(J44,4)) -> 0x0020 | M44: =CONCATENATE("0x",DEC2HEX(J44 + (128 * 1),4)) -> 0x00A0 | N44: =CONCATENATE("0x",DEC2HEX(J44 + (128 * 2),4)) -> 0x0120 | O44: =CONCATENATE("0x",DEC2HEX(J44 + (128 * 3),4)) -> 0x01A0 | P44: =CONCATENATE("0x",DEC2HEX(J44 + (128 * 4),4)) -> 0x0220 | Q44: =CONCATENATE("0x",DEC2HEX(J44 + (128 * 5),4)) -> 0x02A0 | R44: =CONCATENATE("0x",DEC2HEX(J44 + (128 * 6),4)) -> 0x0320 | S44: =CONCATENATE("0x",DEC2HEX(J44 + (128 * 7),4)) -> 0x03A0 | T44: =CONCATENATE("0x",DEC2HEX(J44 + (128 * 8),4)) -> 0x0420 | U44: =CONCATENATE("0x",DEC2HEX(J44 + (128 * 9),4)) -> 0x04A0 | V44: =CONCATENATE("0x",DEC2HEX(J44 + (128 * 10),4)) -> 0x0520 | W44: =CONCATENATE("0x",DEC2HEX(J44 + (128 * 11),4)) -> 0x05A0
B45: Reserve | C45: Bit | H45: Carrier ID#18 - CIM TO CV | J45: 33 | L45: =CONCATENATE("0x",DEC2HEX(J45,4)) -> 0x0021 | M45: =CONCATENATE("0x",DEC2HEX(J45 + (128 * 1),4)) -> 0x00A1 | N45: =CONCATENATE("0x",DEC2HEX(J45 + (128 * 2),4)) -> 0x0121 | O45: =CONCATENATE("0x",DEC2HEX(J45 + (128 * 3),4)) -> 0x01A1 | P45: =CONCATENATE("0x",DEC2HEX(J45 + (128 * 4),4)) -> 0x0221 | Q45: =CONCATENATE("0x",DEC2HEX(J45 + (128 * 5),4)) -> 0x02A1 | R45: =CONCATENATE("0x",DEC2HEX(J45 + (128 * 6),4)) -> 0x0321 | S45: =CONCATENATE("0x",DEC2HEX(J45 + (128 * 7),4)) -> 0x03A1 | T45: =CONCATENATE("0x",DEC2HEX(J45 + (128 * 8),4)) -> 0x0421 | U45: =CONCATENATE("0x",DEC2HEX(J45 + (128 * 9),4)) -> 0x04A1 | V45: =CONCATENATE("0x",DEC2HEX(J45 + (128 * 10),4)) -> 0x0521 | W45: =CONCATENATE("0x",DEC2HEX(J45 + (128 * 11),4)) -> 0x05A1
B46: Reserve | C46: Bit | H46: Carrier ID#19 - CIM TO CV | J46: 34 | L46: =CONCATENATE("0x",DEC2HEX(J46,4)) -> 0x0022 | M46: =CONCATENATE("0x",DEC2HEX(J46 + (128 * 1),4)) -> 0x00A2 | N46: =CONCATENATE("0x",DEC2HEX(J46 + (128 * 2),4)) -> 0x0122 | O46: =CONCATENATE("0x",DEC2HEX(J46 + (128 * 3),4)) -> 0x01A2 | P46: =CONCATENATE("0x",DEC2HEX(J46 + (128 * 4),4)) -> 0x0222 | Q46: =CONCATENATE("0x",DEC2HEX(J46 + (128 * 5),4)) -> 0x02A2 | R46: =CONCATENATE("0x",DEC2HEX(J46 + (128 * 6),4)) -> 0x0322 | S46: =CONCATENATE("0x",DEC2HEX(J46 + (128 * 7),4)) -> 0x03A2 | T46: =CONCATENATE("0x",DEC2HEX(J46 + (128 * 8),4)) -> 0x0422 | U46: =CONCATENATE("0x",DEC2HEX(J46 + (128 * 9),4)) -> 0x04A2 | V46: =CONCATENATE("0x",DEC2HEX(J46 + (128 * 10),4)) -> 0x0522 | W46: =CONCATENATE("0x",DEC2HEX(J46 + (128 * 11),4)) -> 0x05A2
B47: Reserve | C47: Bit | H47: Carrier ID#20 - CIM TO CV | J47: 35 | L47: =CONCATENATE("0x",DEC2HEX(J47,4)) -> 0x0023 | M47: =CONCATENATE("0x",DEC2HEX(J47 + (128 * 1),4)) -> 0x00A3 | N47: =CONCATENATE("0x",DEC2HEX(J47 + (128 * 2),4)) -> 0x0123 | O47: =CONCATENATE("0x",DEC2HEX(J47 + (128 * 3),4)) -> 0x01A3 | P47: =CONCATENATE("0x",DEC2HEX(J47 + (128 * 4),4)) -> 0x0223 | Q47: =CONCATENATE("0x",DEC2HEX(J47 + (128 * 5),4)) -> 0x02A3 | R47: =CONCATENATE("0x",DEC2HEX(J47 + (128 * 6),4)) -> 0x0323 | S47: =CONCATENATE("0x",DEC2HEX(J47 + (128 * 7),4)) -> 0x03A3 | T47: =CONCATENATE("0x",DEC2HEX(J47 + (128 * 8),4)) -> 0x0423 | U47: =CONCATENATE("0x",DEC2HEX(J47 + (128 * 9),4)) -> 0x04A3 | V47: =CONCATENATE("0x",DEC2HEX(J47 + (128 * 10),4)) -> 0x0523 | W47: =CONCATENATE("0x",DEC2HEX(J47 + (128 * 11),4)) -> 0x05A3
B48: Reserve | C48: Bit | H48: Carrier ID#21 - CIM TO CV | J48: 36 | L48: =CONCATENATE("0x",DEC2HEX(J48,4)) -> 0x0024 | M48: =CONCATENATE("0x",DEC2HEX(J48 + (128 * 1),4)) -> 0x00A4 | N48: =CONCATENATE("0x",DEC2HEX(J48 + (128 * 2),4)) -> 0x0124 | O48: =CONCATENATE("0x",DEC2HEX(J48 + (128 * 3),4)) -> 0x01A4 | P48: =CONCATENATE("0x",DEC2HEX(J48 + (128 * 4),4)) -> 0x0224 | Q48: =CONCATENATE("0x",DEC2HEX(J48 + (128 * 5),4)) -> 0x02A4 | R48: =CONCATENATE("0x",DEC2HEX(J48 + (128 * 6),4)) -> 0x0324 | S48: =CONCATENATE("0x",DEC2HEX(J48 + (128 * 7),4)) -> 0x03A4 | T48: =CONCATENATE("0x",DEC2HEX(J48 + (128 * 8),4)) -> 0x0424 | U48: =CONCATENATE("0x",DEC2HEX(J48 + (128 * 9),4)) -> 0x04A4 | V48: =CONCATENATE("0x",DEC2HEX(J48 + (128 * 10),4)) -> 0x0524 | W48: =CONCATENATE("0x",DEC2HEX(J48 + (128 * 11),4)) -> 0x05A4
H49: Carrier ID#22 - CIM TO CV | J49: 37 | L49: =CONCATENATE("0x",DEC2HEX(J49,4)) -> 0x0025 | M49: =CONCATENATE("0x",DEC2HEX(J49 + (128 * 1),4)) -> 0x00A5 | N49: =CONCATENATE("0x",DEC2HEX(J49 + (128 * 2),4)) -> 0x0125 | O49: =CONCATENATE("0x",DEC2HEX(J49 + (128 * 3),4)) -> 0x01A5 | P49: =CONCATENATE("0x",DEC2HEX(J49 + (128 * 4),4)) -> 0x0225 | Q49: =CONCATENATE("0x",DEC2HEX(J49 + (128 * 5),4)) -> 0x02A5 | R49: =CONCATENATE("0x",DEC2HEX(J49 + (128 * 6),4)) -> 0x0325 | S49: =CONCATENATE("0x",DEC2HEX(J49 + (128 * 7),4)) -> 0x03A5 | T49: =CONCATENATE("0x",DEC2HEX(J49 + (128 * 8),4)) -> 0x0425 | U49: =CONCATENATE("0x",DEC2HEX(J49 + (128 * 9),4)) -> 0x04A5 | V49: =CONCATENATE("0x",DEC2HEX(J49 + (128 * 10),4)) -> 0x0525 | W49: =CONCATENATE("0x",DEC2HEX(J49 + (128 * 11),4)) -> 0x05A5
H50: Carrier ID#23 - CIM TO CV | J50: 38 | L50: =CONCATENATE("0x",DEC2HEX(J50,4)) -> 0x0026 | M50: =CONCATENATE("0x",DEC2HEX(J50 + (128 * 1),4)) -> 0x00A6 | N50: =CONCATENATE("0x",DEC2HEX(J50 + (128 * 2),4)) -> 0x0126 | O50: =CONCATENATE("0x",DEC2HEX(J50 + (128 * 3),4)) -> 0x01A6 | P50: =CONCATENATE("0x",DEC2HEX(J50 + (128 * 4),4)) -> 0x0226 | Q50: =CONCATENATE("0x",DEC2HEX(J50 + (128 * 5),4)) -> 0x02A6 | R50: =CONCATENATE("0x",DEC2HEX(J50 + (128 * 6),4)) -> 0x0326 | S50: =CONCATENATE("0x",DEC2HEX(J50 + (128 * 7),4)) -> 0x03A6 | T50: =CONCATENATE("0x",DEC2HEX(J50 + (128 * 8),4)) -> 0x0426 | U50: =CONCATENATE("0x",DEC2HEX(J50 + (128 * 9),4)) -> 0x04A6 | V50: =CONCATENATE("0x",DEC2HEX(J50 + (128 * 10),4)) -> 0x0526 | W50: =CONCATENATE("0x",DEC2HEX(J50 + (128 * 11),4)) -> 0x05A6
H51: Carrier ID#24 - CIM TO CV | J51: 39 | L51: =CONCATENATE("0x",DEC2HEX(J51,4)) -> 0x0027 | M51: =CONCATENATE("0x",DEC2HEX(J51 + (128 * 1),4)) -> 0x00A7 | N51: =CONCATENATE("0x",DEC2HEX(J51 + (128 * 2),4)) -> 0x0127 | O51: =CONCATENATE("0x",DEC2HEX(J51 + (128 * 3),4)) -> 0x01A7 | P51: =CONCATENATE("0x",DEC2HEX(J51 + (128 * 4),4)) -> 0x0227 | Q51: =CONCATENATE("0x",DEC2HEX(J51 + (128 * 5),4)) -> 0x02A7 | R51: =CONCATENATE("0x",DEC2HEX(J51 + (128 * 6),4)) -> 0x0327 | S51: =CONCATENATE("0x",DEC2HEX(J51 + (128 * 7),4)) -> 0x03A7 | T51: =CONCATENATE("0x",DEC2HEX(J51 + (128 * 8),4)) -> 0x0427 | U51: =CONCATENATE("0x",DEC2HEX(J51 + (128 * 9),4)) -> 0x04A7 | V51: =CONCATENATE("0x",DEC2HEX(J51 + (128 * 10),4)) -> 0x0527 | W51: =CONCATENATE("0x",DEC2HEX(J51 + (128 * 11),4)) -> 0x05A7
H52: Carrier ID#25 - CIM TO CV | J52: 40 | L52: =CONCATENATE("0x",DEC2HEX(J52,4)) -> 0x0028 | M52: =CONCATENATE("0x",DEC2HEX(J52 + (128 * 1),4)) -> 0x00A8 | N52: =CONCATENATE("0x",DEC2HEX(J52 + (128 * 2),4)) -> 0x0128 | O52: =CONCATENATE("0x",DEC2HEX(J52 + (128 * 3),4)) -> 0x01A8 | P52: =CONCATENATE("0x",DEC2HEX(J52 + (128 * 4),4)) -> 0x0228 | Q52: =CONCATENATE("0x",DEC2HEX(J52 + (128 * 5),4)) -> 0x02A8 | R52: =CONCATENATE("0x",DEC2HEX(J52 + (128 * 6),4)) -> 0x0328 | S52: =CONCATENATE("0x",DEC2HEX(J52 + (128 * 7),4)) -> 0x03A8 | T52: =CONCATENATE("0x",DEC2HEX(J52 + (128 * 8),4)) -> 0x0428 | U52: =CONCATENATE("0x",DEC2HEX(J52 + (128 * 9),4)) -> 0x04A8 | V52: =CONCATENATE("0x",DEC2HEX(J52 + (128 * 10),4)) -> 0x0528 | W52: =CONCATENATE("0x",DEC2HEX(J52 + (128 * 11),4)) -> 0x05A8
H53: Carrier ID#26 - CIM TO CV | J53: 41 | L53: =CONCATENATE("0x",DEC2HEX(J53,4)) -> 0x0029 | M53: =CONCATENATE("0x",DEC2HEX(J53 + (128 * 1),4)) -> 0x00A9 | N53: =CONCATENATE("0x",DEC2HEX(J53 + (128 * 2),4)) -> 0x0129 | O53: =CONCATENATE("0x",DEC2HEX(J53 + (128 * 3),4)) -> 0x01A9 | P53: =CONCATENATE("0x",DEC2HEX(J53 + (128 * 4),4)) -> 0x0229 | Q53: =CONCATENATE("0x",DEC2HEX(J53 + (128 * 5),4)) -> 0x02A9 | R53: =CONCATENATE("0x",DEC2HEX(J53 + (128 * 6),4)) -> 0x0329 | S53: =CONCATENATE("0x",DEC2HEX(J53 + (128 * 7),4)) -> 0x03A9 | T53: =CONCATENATE("0x",DEC2HEX(J53 + (128 * 8),4)) -> 0x0429 | U53: =CONCATENATE("0x",DEC2HEX(J53 + (128 * 9),4)) -> 0x04A9 | V53: =CONCATENATE("0x",DEC2HEX(J53 + (128 * 10),4)) -> 0x0529 | W53: =CONCATENATE("0x",DEC2HEX(J53 + (128 * 11),4)) -> 0x05A9
H54: Carrier ID#27 - CIM TO CV | J54: 42 | L54: =CONCATENATE("0x",DEC2HEX(J54,4)) -> 0x002A | M54: =CONCATENATE("0x",DEC2HEX(J54 + (128 * 1),4)) -> 0x00AA | N54: =CONCATENATE("0x",DEC2HEX(J54 + (128 * 2),4)) -> 0x012A | O54: =CONCATENATE("0x",DEC2HEX(J54 + (128 * 3),4)) -> 0x01AA | P54: =CONCATENATE("0x",DEC2HEX(J54 + (128 * 4),4)) -> 0x022A | Q54: =CONCATENATE("0x",DEC2HEX(J54 + (128 * 5),4)) -> 0x02AA | R54: =CONCATENATE("0x",DEC2HEX(J54 + (128 * 6),4)) -> 0x032A | S54: =CONCATENATE("0x",DEC2HEX(J54 + (128 * 7),4)) -> 0x03AA | T54: =CONCATENATE("0x",DEC2HEX(J54 + (128 * 8),4)) -> 0x042A | U54: =CONCATENATE("0x",DEC2HEX(J54 + (128 * 9),4)) -> 0x04AA | V54: =CONCATENATE("0x",DEC2HEX(J54 + (128 * 10),4)) -> 0x052A | W54: =CONCATENATE("0x",DEC2HEX(J54 + (128 * 11),4)) -> 0x05AA
H55: Carrier ID#28 - CIM TO CV | J55: 43 | L55: =CONCATENATE("0x",DEC2HEX(J55,4)) -> 0x002B | M55: =CONCATENATE("0x",DEC2HEX(J55 + (128 * 1),4)) -> 0x00AB | N55: =CONCATENATE("0x",DEC2HEX(J55 + (128 * 2),4)) -> 0x012B | O55: =CONCATENATE("0x",DEC2HEX(J55 + (128 * 3),4)) -> 0x01AB | P55: =CONCATENATE("0x",DEC2HEX(J55 + (128 * 4),4)) -> 0x022B | Q55: =CONCATENATE("0x",DEC2HEX(J55 + (128 * 5),4)) -> 0x02AB | R55: =CONCATENATE("0x",DEC2HEX(J55 + (128 * 6),4)) -> 0x032B | S55: =CONCATENATE("0x",DEC2HEX(J55 + (128 * 7),4)) -> 0x03AB | T55: =CONCATENATE("0x",DEC2HEX(J55 + (128 * 8),4)) -> 0x042B | U55: =CONCATENATE("0x",DEC2HEX(J55 + (128 * 9),4)) -> 0x04AB | V55: =CONCATENATE("0x",DEC2HEX(J55 + (128 * 10),4)) -> 0x052B | W55: =CONCATENATE("0x",DEC2HEX(J55 + (128 * 11),4)) -> 0x05AB
B56: Buffer Sensor Detail | D56: Commet | H56: Carrier ID#29 - CIM TO CV | J56: 44 | L56: =CONCATENATE("0x",DEC2HEX(J56,4)) -> 0x002C | M56: =CONCATENATE("0x",DEC2HEX(J56 + (128 * 1),4)) -> 0x00AC | N56: =CONCATENATE("0x",DEC2HEX(J56 + (128 * 2),4)) -> 0x012C | O56: =CONCATENATE("0x",DEC2HEX(J56 + (128 * 3),4)) -> 0x01AC | P56: =CONCATENATE("0x",DEC2HEX(J56 + (128 * 4),4)) -> 0x022C | Q56: =CONCATENATE("0x",DEC2HEX(J56 + (128 * 5),4)) -> 0x02AC | R56: =CONCATENATE("0x",DEC2HEX(J56 + (128 * 6),4)) -> 0x032C | S56: =CONCATENATE("0x",DEC2HEX(J56 + (128 * 7),4)) -> 0x03AC | T56: =CONCATENATE("0x",DEC2HEX(J56 + (128 * 8),4)) -> 0x042C | U56: =CONCATENATE("0x",DEC2HEX(J56 + (128 * 9),4)) -> 0x04AC | V56: =CONCATENATE("0x",DEC2HEX(J56 + (128 * 10),4)) -> 0x052C | W56: =CONCATENATE("0x",DEC2HEX(J56 + (128 * 11),4)) -> 0x05AC
B57: Buffer#1 Select | C57: Bit | H57: Carrier ID#30 - CIM TO CV | J57: 45 | L57: =CONCATENATE("0x",DEC2HEX(J57,4)) -> 0x002D | M57: =CONCATENATE("0x",DEC2HEX(J57 + (128 * 1),4)) -> 0x00AD | N57: =CONCATENATE("0x",DEC2HEX(J57 + (128 * 2),4)) -> 0x012D | O57: =CONCATENATE("0x",DEC2HEX(J57 + (128 * 3),4)) -> 0x01AD | P57: =CONCATENATE("0x",DEC2HEX(J57 + (128 * 4),4)) -> 0x022D | Q57: =CONCATENATE("0x",DEC2HEX(J57 + (128 * 5),4)) -> 0x02AD | R57: =CONCATENATE("0x",DEC2HEX(J57 + (128 * 6),4)) -> 0x032D | S57: =CONCATENATE("0x",DEC2HEX(J57 + (128 * 7),4)) -> 0x03AD | T57: =CONCATENATE("0x",DEC2HEX(J57 + (128 * 8),4)) -> 0x042D | U57: =CONCATENATE("0x",DEC2HEX(J57 + (128 * 9),4)) -> 0x04AD | V57: =CONCATENATE("0x",DEC2HEX(J57 + (128 * 10),4)) -> 0x052D | W57: =CONCATENATE("0x",DEC2HEX(J57 + (128 * 11),4)) -> 0x05AD
B58: Buffer#2 Select | C58: Bit | H58: Carrier ID#31 - CIM TO CV | J58: 46 | L58: =CONCATENATE("0x",DEC2HEX(J58,4)) -> 0x002E | M58: =CONCATENATE("0x",DEC2HEX(J58 + (128 * 1),4)) -> 0x00AE | N58: =CONCATENATE("0x",DEC2HEX(J58 + (128 * 2),4)) -> 0x012E | O58: =CONCATENATE("0x",DEC2HEX(J58 + (128 * 3),4)) -> 0x01AE | P58: =CONCATENATE("0x",DEC2HEX(J58 + (128 * 4),4)) -> 0x022E | Q58: =CONCATENATE("0x",DEC2HEX(J58 + (128 * 5),4)) -> 0x02AE | R58: =CONCATENATE("0x",DEC2HEX(J58 + (128 * 6),4)) -> 0x032E | S58: =CONCATENATE("0x",DEC2HEX(J58 + (128 * 7),4)) -> 0x03AE | T58: =CONCATENATE("0x",DEC2HEX(J58 + (128 * 8),4)) -> 0x042E | U58: =CONCATENATE("0x",DEC2HEX(J58 + (128 * 9),4)) -> 0x04AE | V58: =CONCATENATE("0x",DEC2HEX(J58 + (128 * 10),4)) -> 0x052E | W58: =CONCATENATE("0x",DEC2HEX(J58 + (128 * 11),4)) -> 0x05AE
B59: C/V High Speed BWD Move | C59: Bit | H59: Carrier ID#32 - CIM TO CV | J59: 47 | L59: =CONCATENATE("0x",DEC2HEX(J59,4)) -> 0x002F | M59: =CONCATENATE("0x",DEC2HEX(J59 + (128 * 1),4)) -> 0x00AF | N59: =CONCATENATE("0x",DEC2HEX(J59 + (128 * 2),4)) -> 0x012F | O59: =CONCATENATE("0x",DEC2HEX(J59 + (128 * 3),4)) -> 0x01AF | P59: =CONCATENATE("0x",DEC2HEX(J59 + (128 * 4),4)) -> 0x022F | Q59: =CONCATENATE("0x",DEC2HEX(J59 + (128 * 5),4)) -> 0x02AF | R59: =CONCATENATE("0x",DEC2HEX(J59 + (128 * 6),4)) -> 0x032F | S59: =CONCATENATE("0x",DEC2HEX(J59 + (128 * 7),4)) -> 0x03AF | T59: =CONCATENATE("0x",DEC2HEX(J59 + (128 * 8),4)) -> 0x042F | U59: =CONCATENATE("0x",DEC2HEX(J59 + (128 * 9),4)) -> 0x04AF | V59: =CONCATENATE("0x",DEC2HEX(J59 + (128 * 10),4)) -> 0x052F | W59: =CONCATENATE("0x",DEC2HEX(J59 + (128 * 11),4)) -> 0x05AF
B60: C/V Low Speed BWD Move | C60: Bit | H60: Carrier ID#33 - CIM TO CV | J60: 48 | K60: 4 | L60: =CONCATENATE("0x",DEC2HEX(J60,4)) -> 0x0030 | M60: =CONCATENATE("0x",DEC2HEX(J60 + (128 * 1),4)) -> 0x00B0 | N60: =CONCATENATE("0x",DEC2HEX(J60 + (128 * 2),4)) -> 0x0130 | O60: =CONCATENATE("0x",DEC2HEX(J60 + (128 * 3),4)) -> 0x01B0 | P60: =CONCATENATE("0x",DEC2HEX(J60 + (128 * 4),4)) -> 0x0230 | Q60: =CONCATENATE("0x",DEC2HEX(J60 + (128 * 5),4)) -> 0x02B0 | R60: =CONCATENATE("0x",DEC2HEX(J60 + (128 * 6),4)) -> 0x0330 | S60: =CONCATENATE("0x",DEC2HEX(J60 + (128 * 7),4)) -> 0x03B0 | T60: =CONCATENATE("0x",DEC2HEX(J60 + (128 * 8),4)) -> 0x0430 | U60: =CONCATENATE("0x",DEC2HEX(J60 + (128 * 9),4)) -> 0x04B0 | V60: =CONCATENATE("0x",DEC2HEX(J60 + (128 * 10),4)) -> 0x0530 | W60: =CONCATENATE("0x",DEC2HEX(J60 + (128 * 11),4)) -> 0x05B0
B61: Reserve | C61: Bit | H61: Carrier ID#34 - CIM TO CV | J61: 49 | L61: =CONCATENATE("0x",DEC2HEX(J61,4)) -> 0x0031 | M61: =CONCATENATE("0x",DEC2HEX(J61 + (128 * 1),4)) -> 0x00B1 | N61: =CONCATENATE("0x",DEC2HEX(J61 + (128 * 2),4)) -> 0x0131 | O61: =CONCATENATE("0x",DEC2HEX(J61 + (128 * 3),4)) -> 0x01B1 | P61: =CONCATENATE("0x",DEC2HEX(J61 + (128 * 4),4)) -> 0x0231 | Q61: =CONCATENATE("0x",DEC2HEX(J61 + (128 * 5),4)) -> 0x02B1 | R61: =CONCATENATE("0x",DEC2HEX(J61 + (128 * 6),4)) -> 0x0331 | S61: =CONCATENATE("0x",DEC2HEX(J61 + (128 * 7),4)) -> 0x03B1 | T61: =CONCATENATE("0x",DEC2HEX(J61 + (128 * 8),4)) -> 0x0431 | U61: =CONCATENATE("0x",DEC2HEX(J61 + (128 * 9),4)) -> 0x04B1 | V61: =CONCATENATE("0x",DEC2HEX(J61 + (128 * 10),4)) -> 0x0531 | W61: =CONCATENATE("0x",DEC2HEX(J61 + (128 * 11),4)) -> 0x05B1
B62: Reserve | C62: Bit | H62: Carrier ID#35 - CIM TO CV | J62: 50 | L62: =CONCATENATE("0x",DEC2HEX(J62,4)) -> 0x0032 | M62: =CONCATENATE("0x",DEC2HEX(J62 + (128 * 1),4)) -> 0x00B2 | N62: =CONCATENATE("0x",DEC2HEX(J62 + (128 * 2),4)) -> 0x0132 | O62: =CONCATENATE("0x",DEC2HEX(J62 + (128 * 3),4)) -> 0x01B2 | P62: =CONCATENATE("0x",DEC2HEX(J62 + (128 * 4),4)) -> 0x0232 | Q62: =CONCATENATE("0x",DEC2HEX(J62 + (128 * 5),4)) -> 0x02B2 | R62: =CONCATENATE("0x",DEC2HEX(J62 + (128 * 6),4)) -> 0x0332 | S62: =CONCATENATE("0x",DEC2HEX(J62 + (128 * 7),4)) -> 0x03B2 | T62: =CONCATENATE("0x",DEC2HEX(J62 + (128 * 8),4)) -> 0x0432 | U62: =CONCATENATE("0x",DEC2HEX(J62 + (128 * 9),4)) -> 0x04B2 | V62: =CONCATENATE("0x",DEC2HEX(J62 + (128 * 10),4)) -> 0x0532 | W62: =CONCATENATE("0x",DEC2HEX(J62 + (128 * 11),4)) -> 0x05B2
B63: Buffer 동시 전진구동 | C63: Bit | H63: Carrier ID#36 - CIM TO CV | J63: 51 | L63: =CONCATENATE("0x",DEC2HEX(J63,4)) -> 0x0033 | M63: =CONCATENATE("0x",DEC2HEX(J63 + (128 * 1),4)) -> 0x00B3 | N63: =CONCATENATE("0x",DEC2HEX(J63 + (128 * 2),4)) -> 0x0133 | O63: =CONCATENATE("0x",DEC2HEX(J63 + (128 * 3),4)) -> 0x01B3 | P63: =CONCATENATE("0x",DEC2HEX(J63 + (128 * 4),4)) -> 0x0233 | Q63: =CONCATENATE("0x",DEC2HEX(J63 + (128 * 5),4)) -> 0x02B3 | R63: =CONCATENATE("0x",DEC2HEX(J63 + (128 * 6),4)) -> 0x0333 | S63: =CONCATENATE("0x",DEC2HEX(J63 + (128 * 7),4)) -> 0x03B3 | T63: =CONCATENATE("0x",DEC2HEX(J63 + (128 * 8),4)) -> 0x0433 | U63: =CONCATENATE("0x",DEC2HEX(J63 + (128 * 9),4)) -> 0x04B3 | V63: =CONCATENATE("0x",DEC2HEX(J63 + (128 * 10),4)) -> 0x0533 | W63: =CONCATENATE("0x",DEC2HEX(J63 + (128 * 11),4)) -> 0x05B3
B64: Buffer 동시 후진구동 | C64: Bit | H64: Carrier ID#37 - CIM TO CV | J64: 52 | L64: =CONCATENATE("0x",DEC2HEX(J64,4)) -> 0x0034 | M64: =CONCATENATE("0x",DEC2HEX(J64 + (128 * 1),4)) -> 0x00B4 | N64: =CONCATENATE("0x",DEC2HEX(J64 + (128 * 2),4)) -> 0x0134 | O64: =CONCATENATE("0x",DEC2HEX(J64 + (128 * 3),4)) -> 0x01B4 | P64: =CONCATENATE("0x",DEC2HEX(J64 + (128 * 4),4)) -> 0x0234 | Q64: =CONCATENATE("0x",DEC2HEX(J64 + (128 * 5),4)) -> 0x02B4 | R64: =CONCATENATE("0x",DEC2HEX(J64 + (128 * 6),4)) -> 0x0334 | S64: =CONCATENATE("0x",DEC2HEX(J64 + (128 * 7),4)) -> 0x03B4 | T64: =CONCATENATE("0x",DEC2HEX(J64 + (128 * 8),4)) -> 0x0434 | U64: =CONCATENATE("0x",DEC2HEX(J64 + (128 * 9),4)) -> 0x04B4 | V64: =CONCATENATE("0x",DEC2HEX(J64 + (128 * 10),4)) -> 0x0534 | W64: =CONCATENATE("0x",DEC2HEX(J64 + (128 * 11),4)) -> 0x05B4
B65: Reserve | C65: Bit | H65: Carrier ID#38 - CIM TO CV | J65: 53 | L65: =CONCATENATE("0x",DEC2HEX(J65,4)) -> 0x0035 | M65: =CONCATENATE("0x",DEC2HEX(J65 + (128 * 1),4)) -> 0x00B5 | N65: =CONCATENATE("0x",DEC2HEX(J65 + (128 * 2),4)) -> 0x0135 | O65: =CONCATENATE("0x",DEC2HEX(J65 + (128 * 3),4)) -> 0x01B5 | P65: =CONCATENATE("0x",DEC2HEX(J65 + (128 * 4),4)) -> 0x0235 | Q65: =CONCATENATE("0x",DEC2HEX(J65 + (128 * 5),4)) -> 0x02B5 | R65: =CONCATENATE("0x",DEC2HEX(J65 + (128 * 6),4)) -> 0x0335 | S65: =CONCATENATE("0x",DEC2HEX(J65 + (128 * 7),4)) -> 0x03B5 | T65: =CONCATENATE("0x",DEC2HEX(J65 + (128 * 8),4)) -> 0x0435 | U65: =CONCATENATE("0x",DEC2HEX(J65 + (128 * 9),4)) -> 0x04B5 | V65: =CONCATENATE("0x",DEC2HEX(J65 + (128 * 10),4)) -> 0x0535 | W65: =CONCATENATE("0x",DEC2HEX(J65 + (128 * 11),4)) -> 0x05B5
B66: Reserve | C66: Bit | H66: Carrier ID#39 - CIM TO CV | J66: 54 | L66: =CONCATENATE("0x",DEC2HEX(J66,4)) -> 0x0036 | M66: =CONCATENATE("0x",DEC2HEX(J66 + (128 * 1),4)) -> 0x00B6 | N66: =CONCATENATE("0x",DEC2HEX(J66 + (128 * 2),4)) -> 0x0136 | O66: =CONCATENATE("0x",DEC2HEX(J66 + (128 * 3),4)) -> 0x01B6 | P66: =CONCATENATE("0x",DEC2HEX(J66 + (128 * 4),4)) -> 0x0236 | Q66: =CONCATENATE("0x",DEC2HEX(J66 + (128 * 5),4)) -> 0x02B6 | R66: =CONCATENATE("0x",DEC2HEX(J66 + (128 * 6),4)) -> 0x0336 | S66: =CONCATENATE("0x",DEC2HEX(J66 + (128 * 7),4)) -> 0x03B6 | T66: =CONCATENATE("0x",DEC2HEX(J66 + (128 * 8),4)) -> 0x0436 | U66: =CONCATENATE("0x",DEC2HEX(J66 + (128 * 9),4)) -> 0x04B6 | V66: =CONCATENATE("0x",DEC2HEX(J66 + (128 * 10),4)) -> 0x0536 | W66: =CONCATENATE("0x",DEC2HEX(J66 + (128 * 11),4)) -> 0x05B6
B67: Reserve | C67: Bit | H67: Carrier ID#40 - CIM TO CV | J67: 55 | L67: =CONCATENATE("0x",DEC2HEX(J67,4)) -> 0x0037 | M67: =CONCATENATE("0x",DEC2HEX(J67 + (128 * 1),4)) -> 0x00B7 | N67: =CONCATENATE("0x",DEC2HEX(J67 + (128 * 2),4)) -> 0x0137 | O67: =CONCATENATE("0x",DEC2HEX(J67 + (128 * 3),4)) -> 0x01B7 | P67: =CONCATENATE("0x",DEC2HEX(J67 + (128 * 4),4)) -> 0x0237 | Q67: =CONCATENATE("0x",DEC2HEX(J67 + (128 * 5),4)) -> 0x02B7 | R67: =CONCATENATE("0x",DEC2HEX(J67 + (128 * 6),4)) -> 0x0337 | S67: =CONCATENATE("0x",DEC2HEX(J67 + (128 * 7),4)) -> 0x03B7 | T67: =CONCATENATE("0x",DEC2HEX(J67 + (128 * 8),4)) -> 0x0437 | U67: =CONCATENATE("0x",DEC2HEX(J67 + (128 * 9),4)) -> 0x04B7 | V67: =CONCATENATE("0x",DEC2HEX(J67 + (128 * 10),4)) -> 0x0537 | W67: =CONCATENATE("0x",DEC2HEX(J67 + (128 * 11),4)) -> 0x05B7
B68: Reserve | C68: Bit | H68: Carrier ID#41 - CIM TO CV | J68: 56 | L68: =CONCATENATE("0x",DEC2HEX(J68,4)) -> 0x0038 | M68: =CONCATENATE("0x",DEC2HEX(J68 + (128 * 1),4)) -> 0x00B8 | N68: =CONCATENATE("0x",DEC2HEX(J68 + (128 * 2),4)) -> 0x0138 | O68: =CONCATENATE("0x",DEC2HEX(J68 + (128 * 3),4)) -> 0x01B8 | P68: =CONCATENATE("0x",DEC2HEX(J68 + (128 * 4),4)) -> 0x0238 | Q68: =CONCATENATE("0x",DEC2HEX(J68 + (128 * 5),4)) -> 0x02B8 | R68: =CONCATENATE("0x",DEC2HEX(J68 + (128 * 6),4)) -> 0x0338 | S68: =CONCATENATE("0x",DEC2HEX(J68 + (128 * 7),4)) -> 0x03B8 | T68: =CONCATENATE("0x",DEC2HEX(J68 + (128 * 8),4)) -> 0x0438 | U68: =CONCATENATE("0x",DEC2HEX(J68 + (128 * 9),4)) -> 0x04B8 | V68: =CONCATENATE("0x",DEC2HEX(J68 + (128 * 10),4)) -> 0x0538 | W68: =CONCATENATE("0x",DEC2HEX(J68 + (128 * 11),4)) -> 0x05B8
B69: Reserve | C69: Bit | H69: Carrier ID#42 - CIM TO CV | J69: 57 | L69: =CONCATENATE("0x",DEC2HEX(J69,4)) -> 0x0039 | M69: =CONCATENATE("0x",DEC2HEX(J69 + (128 * 1),4)) -> 0x00B9 | N69: =CONCATENATE("0x",DEC2HEX(J69 + (128 * 2),4)) -> 0x0139 | O69: =CONCATENATE("0x",DEC2HEX(J69 + (128 * 3),4)) -> 0x01B9 | P69: =CONCATENATE("0x",DEC2HEX(J69 + (128 * 4),4)) -> 0x0239 | Q69: =CONCATENATE("0x",DEC2HEX(J69 + (128 * 5),4)) -> 0x02B9 | R69: =CONCATENATE("0x",DEC2HEX(J69 + (128 * 6),4)) -> 0x0339 | S69: =CONCATENATE("0x",DEC2HEX(J69 + (128 * 7),4)) -> 0x03B9 | T69: =CONCATENATE("0x",DEC2HEX(J69 + (128 * 8),4)) -> 0x0439 | U69: =CONCATENATE("0x",DEC2HEX(J69 + (128 * 9),4)) -> 0x04B9 | V69: =CONCATENATE("0x",DEC2HEX(J69 + (128 * 10),4)) -> 0x0539 | W69: =CONCATENATE("0x",DEC2HEX(J69 + (128 * 11),4)) -> 0x05B9
B70: Reserve | C70: Bit | H70: Carrier ID#43 - CIM TO CV | J70: 58 | L70: =CONCATENATE("0x",DEC2HEX(J70,4)) -> 0x003A | M70: =CONCATENATE("0x",DEC2HEX(J70 + (128 * 1),4)) -> 0x00BA | N70: =CONCATENATE("0x",DEC2HEX(J70 + (128 * 2),4)) -> 0x013A | O70: =CONCATENATE("0x",DEC2HEX(J70 + (128 * 3),4)) -> 0x01BA | P70: =CONCATENATE("0x",DEC2HEX(J70 + (128 * 4),4)) -> 0x023A | Q70: =CONCATENATE("0x",DEC2HEX(J70 + (128 * 5),4)) -> 0x02BA | R70: =CONCATENATE("0x",DEC2HEX(J70 + (128 * 6),4)) -> 0x033A | S70: =CONCATENATE("0x",DEC2HEX(J70 + (128 * 7),4)) -> 0x03BA | T70: =CONCATENATE("0x",DEC2HEX(J70 + (128 * 8),4)) -> 0x043A | U70: =CONCATENATE("0x",DEC2HEX(J70 + (128 * 9),4)) -> 0x04BA | V70: =CONCATENATE("0x",DEC2HEX(J70 + (128 * 10),4)) -> 0x053A | W70: =CONCATENATE("0x",DEC2HEX(J70 + (128 * 11),4)) -> 0x05BA
B71: Reserve | C71: Bit | H71: Carrier ID#44 - CIM TO CV | J71: 59 | L71: =CONCATENATE("0x",DEC2HEX(J71,4)) -> 0x003B | M71: =CONCATENATE("0x",DEC2HEX(J71 + (128 * 1),4)) -> 0x00BB | N71: =CONCATENATE("0x",DEC2HEX(J71 + (128 * 2),4)) -> 0x013B | O71: =CONCATENATE("0x",DEC2HEX(J71 + (128 * 3),4)) -> 0x01BB | P71: =CONCATENATE("0x",DEC2HEX(J71 + (128 * 4),4)) -> 0x023B | Q71: =CONCATENATE("0x",DEC2HEX(J71 + (128 * 5),4)) -> 0x02BB | R71: =CONCATENATE("0x",DEC2HEX(J71 + (128 * 6),4)) -> 0x033B | S71: =CONCATENATE("0x",DEC2HEX(J71 + (128 * 7),4)) -> 0x03BB | T71: =CONCATENATE("0x",DEC2HEX(J71 + (128 * 8),4)) -> 0x043B | U71: =CONCATENATE("0x",DEC2HEX(J71 + (128 * 9),4)) -> 0x04BB | V71: =CONCATENATE("0x",DEC2HEX(J71 + (128 * 10),4)) -> 0x053B | W71: =CONCATENATE("0x",DEC2HEX(J71 + (128 * 11),4)) -> 0x05BB
B72: Reserve | C72: Bit | H72: Carrier ID#45 - CIM TO CV | J72: 60 | L72: =CONCATENATE("0x",DEC2HEX(J72,4)) -> 0x003C | M72: =CONCATENATE("0x",DEC2HEX(J72 + (128 * 1),4)) -> 0x00BC | N72: =CONCATENATE("0x",DEC2HEX(J72 + (128 * 2),4)) -> 0x013C | O72: =CONCATENATE("0x",DEC2HEX(J72 + (128 * 3),4)) -> 0x01BC | P72: =CONCATENATE("0x",DEC2HEX(J72 + (128 * 4),4)) -> 0x023C | Q72: =CONCATENATE("0x",DEC2HEX(J72 + (128 * 5),4)) -> 0x02BC | R72: =CONCATENATE("0x",DEC2HEX(J72 + (128 * 6),4)) -> 0x033C | S72: =CONCATENATE("0x",DEC2HEX(J72 + (128 * 7),4)) -> 0x03BC | T72: =CONCATENATE("0x",DEC2HEX(J72 + (128 * 8),4)) -> 0x043C | U72: =CONCATENATE("0x",DEC2HEX(J72 + (128 * 9),4)) -> 0x04BC | V72: =CONCATENATE("0x",DEC2HEX(J72 + (128 * 10),4)) -> 0x053C | W72: =CONCATENATE("0x",DEC2HEX(J72 + (128 * 11),4)) -> 0x05BC
H73: Carrier ID#46 - CIM TO CV | J73: 61 | L73: =CONCATENATE("0x",DEC2HEX(J73,4)) -> 0x003D | M73: =CONCATENATE("0x",DEC2HEX(J73 + (128 * 1),4)) -> 0x00BD | N73: =CONCATENATE("0x",DEC2HEX(J73 + (128 * 2),4)) -> 0x013D | O73: =CONCATENATE("0x",DEC2HEX(J73 + (128 * 3),4)) -> 0x01BD | P73: =CONCATENATE("0x",DEC2HEX(J73 + (128 * 4),4)) -> 0x023D | Q73: =CONCATENATE("0x",DEC2HEX(J73 + (128 * 5),4)) -> 0x02BD | R73: =CONCATENATE("0x",DEC2HEX(J73 + (128 * 6),4)) -> 0x033D | S73: =CONCATENATE("0x",DEC2HEX(J73 + (128 * 7),4)) -> 0x03BD | T73: =CONCATENATE("0x",DEC2HEX(J73 + (128 * 8),4)) -> 0x043D | U73: =CONCATENATE("0x",DEC2HEX(J73 + (128 * 9),4)) -> 0x04BD | V73: =CONCATENATE("0x",DEC2HEX(J73 + (128 * 10),4)) -> 0x053D | W73: =CONCATENATE("0x",DEC2HEX(J73 + (128 * 11),4)) -> 0x05BD
H74: Carrier ID#47 - CIM TO CV | J74: 62 | L74: =CONCATENATE("0x",DEC2HEX(J74,4)) -> 0x003E | M74: =CONCATENATE("0x",DEC2HEX(J74 + (128 * 1),4)) -> 0x00BE | N74: =CONCATENATE("0x",DEC2HEX(J74 + (128 * 2),4)) -> 0x013E | O74: =CONCATENATE("0x",DEC2HEX(J74 + (128 * 3),4)) -> 0x01BE | P74: =CONCATENATE("0x",DEC2HEX(J74 + (128 * 4),4)) -> 0x023E | Q74: =CONCATENATE("0x",DEC2HEX(J74 + (128 * 5),4)) -> 0x02BE | R74: =CONCATENATE("0x",DEC2HEX(J74 + (128 * 6),4)) -> 0x033E | S74: =CONCATENATE("0x",DEC2HEX(J74 + (128 * 7),4)) -> 0x03BE | T74: =CONCATENATE("0x",DEC2HEX(J74 + (128 * 8),4)) -> 0x043E | U74: =CONCATENATE("0x",DEC2HEX(J74 + (128 * 9),4)) -> 0x04BE | V74: =CONCATENATE("0x",DEC2HEX(J74 + (128 * 10),4)) -> 0x053E | W74: =CONCATENATE("0x",DEC2HEX(J74 + (128 * 11),4)) -> 0x05BE
H75: Carrier ID#48 - CIM TO CV | J75: 63 | L75: =CONCATENATE("0x",DEC2HEX(J75,4)) -> 0x003F | M75: =CONCATENATE("0x",DEC2HEX(J75 + (128 * 1),4)) -> 0x00BF | N75: =CONCATENATE("0x",DEC2HEX(J75 + (128 * 2),4)) -> 0x013F | O75: =CONCATENATE("0x",DEC2HEX(J75 + (128 * 3),4)) -> 0x01BF | P75: =CONCATENATE("0x",DEC2HEX(J75 + (128 * 4),4)) -> 0x023F | Q75: =CONCATENATE("0x",DEC2HEX(J75 + (128 * 5),4)) -> 0x02BF | R75: =CONCATENATE("0x",DEC2HEX(J75 + (128 * 6),4)) -> 0x033F | S75: =CONCATENATE("0x",DEC2HEX(J75 + (128 * 7),4)) -> 0x03BF | T75: =CONCATENATE("0x",DEC2HEX(J75 + (128 * 8),4)) -> 0x043F | U75: =CONCATENATE("0x",DEC2HEX(J75 + (128 * 9),4)) -> 0x04BF | V75: =CONCATENATE("0x",DEC2HEX(J75 + (128 * 10),4)) -> 0x053F | W75: =CONCATENATE("0x",DEC2HEX(J75 + (128 * 11),4)) -> 0x05BF
H76: Carrier ID#49 - CIM TO CV | J76: 64 | K76: 5 | L76: =CONCATENATE("0x",DEC2HEX(J76,4)) -> 0x0040 | M76: =CONCATENATE("0x",DEC2HEX(J76 + (128 * 1),4)) -> 0x00C0 | N76: =CONCATENATE("0x",DEC2HEX(J76 + (128 * 2),4)) -> 0x0140 | O76: =CONCATENATE("0x",DEC2HEX(J76 + (128 * 3),4)) -> 0x01C0 | P76: =CONCATENATE("0x",DEC2HEX(J76 + (128 * 4),4)) -> 0x0240 | Q76: =CONCATENATE("0x",DEC2HEX(J76 + (128 * 5),4)) -> 0x02C0 | R76: =CONCATENATE("0x",DEC2HEX(J76 + (128 * 6),4)) -> 0x0340 | S76: =CONCATENATE("0x",DEC2HEX(J76 + (128 * 7),4)) -> 0x03C0 | T76: =CONCATENATE("0x",DEC2HEX(J76 + (128 * 8),4)) -> 0x0440 | U76: =CONCATENATE("0x",DEC2HEX(J76 + (128 * 9),4)) -> 0x04C0 | V76: =CONCATENATE("0x",DEC2HEX(J76 + (128 * 10),4)) -> 0x0540 | W76: =CONCATENATE("0x",DEC2HEX(J76 + (128 * 11),4)) -> 0x05C0
H77: Carrier ID#50 - CIM TO CV | J77: 65 | L77: =CONCATENATE("0x",DEC2HEX(J77,4)) -> 0x0041 | M77: =CONCATENATE("0x",DEC2HEX(J77 + (128 * 1),4)) -> 0x00C1 | N77: =CONCATENATE("0x",DEC2HEX(J77 + (128 * 2),4)) -> 0x0141 | O77: =CONCATENATE("0x",DEC2HEX(J77 + (128 * 3),4)) -> 0x01C1 | P77: =CONCATENATE("0x",DEC2HEX(J77 + (128 * 4),4)) -> 0x0241 | Q77: =CONCATENATE("0x",DEC2HEX(J77 + (128 * 5),4)) -> 0x02C1 | R77: =CONCATENATE("0x",DEC2HEX(J77 + (128 * 6),4)) -> 0x0341 | S77: =CONCATENATE("0x",DEC2HEX(J77 + (128 * 7),4)) -> 0x03C1 | T77: =CONCATENATE("0x",DEC2HEX(J77 + (128 * 8),4)) -> 0x0441 | U77: =CONCATENATE("0x",DEC2HEX(J77 + (128 * 9),4)) -> 0x04C1 | V77: =CONCATENATE("0x",DEC2HEX(J77 + (128 * 10),4)) -> 0x0541 | W77: =CONCATENATE("0x",DEC2HEX(J77 + (128 * 11),4)) -> 0x05C1
H78: Carrier ID#51 - CIM TO CV | J78: 66 | L78: =CONCATENATE("0x",DEC2HEX(J78,4)) -> 0x0042 | M78: =CONCATENATE("0x",DEC2HEX(J78 + (128 * 1),4)) -> 0x00C2 | N78: =CONCATENATE("0x",DEC2HEX(J78 + (128 * 2),4)) -> 0x0142 | O78: =CONCATENATE("0x",DEC2HEX(J78 + (128 * 3),4)) -> 0x01C2 | P78: =CONCATENATE("0x",DEC2HEX(J78 + (128 * 4),4)) -> 0x0242 | Q78: =CONCATENATE("0x",DEC2HEX(J78 + (128 * 5),4)) -> 0x02C2 | R78: =CONCATENATE("0x",DEC2HEX(J78 + (128 * 6),4)) -> 0x0342 | S78: =CONCATENATE("0x",DEC2HEX(J78 + (128 * 7),4)) -> 0x03C2 | T78: =CONCATENATE("0x",DEC2HEX(J78 + (128 * 8),4)) -> 0x0442 | U78: =CONCATENATE("0x",DEC2HEX(J78 + (128 * 9),4)) -> 0x04C2 | V78: =CONCATENATE("0x",DEC2HEX(J78 + (128 * 10),4)) -> 0x0542 | W78: =CONCATENATE("0x",DEC2HEX(J78 + (128 * 11),4)) -> 0x05C2
H79: Carrier ID#52 - CIM TO CV | J79: 67 | L79: =CONCATENATE("0x",DEC2HEX(J79,4)) -> 0x0043 | M79: =CONCATENATE("0x",DEC2HEX(J79 + (128 * 1),4)) -> 0x00C3 | N79: =CONCATENATE("0x",DEC2HEX(J79 + (128 * 2),4)) -> 0x0143 | O79: =CONCATENATE("0x",DEC2HEX(J79 + (128 * 3),4)) -> 0x01C3 | P79: =CONCATENATE("0x",DEC2HEX(J79 + (128 * 4),4)) -> 0x0243 | Q79: =CONCATENATE("0x",DEC2HEX(J79 + (128 * 5),4)) -> 0x02C3 | R79: =CONCATENATE("0x",DEC2HEX(J79 + (128 * 6),4)) -> 0x0343 | S79: =CONCATENATE("0x",DEC2HEX(J79 + (128 * 7),4)) -> 0x03C3 | T79: =CONCATENATE("0x",DEC2HEX(J79 + (128 * 8),4)) -> 0x0443 | U79: =CONCATENATE("0x",DEC2HEX(J79 + (128 * 9),4)) -> 0x04C3 | V79: =CONCATENATE("0x",DEC2HEX(J79 + (128 * 10),4)) -> 0x0543 | W79: =CONCATENATE("0x",DEC2HEX(J79 + (128 * 11),4)) -> 0x05C3
H80: Carrier ID#53 - CIM TO CV | J80: 68 | L80: =CONCATENATE("0x",DEC2HEX(J80,4)) -> 0x0044 | M80: =CONCATENATE("0x",DEC2HEX(J80 + (128 * 1),4)) -> 0x00C4 | N80: =CONCATENATE("0x",DEC2HEX(J80 + (128 * 2),4)) -> 0x0144 | O80: =CONCATENATE("0x",DEC2HEX(J80 + (128 * 3),4)) -> 0x01C4 | P80: =CONCATENATE("0x",DEC2HEX(J80 + (128 * 4),4)) -> 0x0244 | Q80: =CONCATENATE("0x",DEC2HEX(J80 + (128 * 5),4)) -> 0x02C4 | R80: =CONCATENATE("0x",DEC2HEX(J80 + (128 * 6),4)) -> 0x0344 | S80: =CONCATENATE("0x",DEC2HEX(J80 + (128 * 7),4)) -> 0x03C4 | T80: =CONCATENATE("0x",DEC2HEX(J80 + (128 * 8),4)) -> 0x0444 | U80: =CONCATENATE("0x",DEC2HEX(J80 + (128 * 9),4)) -> 0x04C4 | V80: =CONCATENATE("0x",DEC2HEX(J80 + (128 * 10),4)) -> 0x0544 | W80: =CONCATENATE("0x",DEC2HEX(J80 + (128 * 11),4)) -> 0x05C4
H81: Carrier ID#54 - CIM TO CV | J81: 69 | L81: =CONCATENATE("0x",DEC2HEX(J81,4)) -> 0x0045 | M81: =CONCATENATE("0x",DEC2HEX(J81 + (128 * 1),4)) -> 0x00C5 | N81: =CONCATENATE("0x",DEC2HEX(J81 + (128 * 2),4)) -> 0x0145 | O81: =CONCATENATE("0x",DEC2HEX(J81 + (128 * 3),4)) -> 0x01C5 | P81: =CONCATENATE("0x",DEC2HEX(J81 + (128 * 4),4)) -> 0x0245 | Q81: =CONCATENATE("0x",DEC2HEX(J81 + (128 * 5),4)) -> 0x02C5 | R81: =CONCATENATE("0x",DEC2HEX(J81 + (128 * 6),4)) -> 0x0345 | S81: =CONCATENATE("0x",DEC2HEX(J81 + (128 * 7),4)) -> 0x03C5 | T81: =CONCATENATE("0x",DEC2HEX(J81 + (128 * 8),4)) -> 0x0445 | U81: =CONCATENATE("0x",DEC2HEX(J81 + (128 * 9),4)) -> 0x04C5 | V81: =CONCATENATE("0x",DEC2HEX(J81 + (128 * 10),4)) -> 0x0545 | W81: =CONCATENATE("0x",DEC2HEX(J81 + (128 * 11),4)) -> 0x05C5
H82: Carrier ID#55 - CIM TO CV | J82: 70 | L82: =CONCATENATE("0x",DEC2HEX(J82,4)) -> 0x0046 | M82: =CONCATENATE("0x",DEC2HEX(J82 + (128 * 1),4)) -> 0x00C6 | N82: =CONCATENATE("0x",DEC2HEX(J82 + (128 * 2),4)) -> 0x0146 | O82: =CONCATENATE("0x",DEC2HEX(J82 + (128 * 3),4)) -> 0x01C6 | P82: =CONCATENATE("0x",DEC2HEX(J82 + (128 * 4),4)) -> 0x0246 | Q82: =CONCATENATE("0x",DEC2HEX(J82 + (128 * 5),4)) -> 0x02C6 | R82: =CONCATENATE("0x",DEC2HEX(J82 + (128 * 6),4)) -> 0x0346 | S82: =CONCATENATE("0x",DEC2HEX(J82 + (128 * 7),4)) -> 0x03C6 | T82: =CONCATENATE("0x",DEC2HEX(J82 + (128 * 8),4)) -> 0x0446 | U82: =CONCATENATE("0x",DEC2HEX(J82 + (128 * 9),4)) -> 0x04C6 | V82: =CONCATENATE("0x",DEC2HEX(J82 + (128 * 10),4)) -> 0x0546 | W82: =CONCATENATE("0x",DEC2HEX(J82 + (128 * 11),4)) -> 0x05C6
H83: Carrier ID#56 - CIM TO CV | J83: 71 | L83: =CONCATENATE("0x",DEC2HEX(J83,4)) -> 0x0047 | M83: =CONCATENATE("0x",DEC2HEX(J83 + (128 * 1),4)) -> 0x00C7 | N83: =CONCATENATE("0x",DEC2HEX(J83 + (128 * 2),4)) -> 0x0147 | O83: =CONCATENATE("0x",DEC2HEX(J83 + (128 * 3),4)) -> 0x01C7 | P83: =CONCATENATE("0x",DEC2HEX(J83 + (128 * 4),4)) -> 0x0247 | Q83: =CONCATENATE("0x",DEC2HEX(J83 + (128 * 5),4)) -> 0x02C7 | R83: =CONCATENATE("0x",DEC2HEX(J83 + (128 * 6),4)) -> 0x0347 | S83: =CONCATENATE("0x",DEC2HEX(J83 + (128 * 7),4)) -> 0x03C7 | T83: =CONCATENATE("0x",DEC2HEX(J83 + (128 * 8),4)) -> 0x0447 | U83: =CONCATENATE("0x",DEC2HEX(J83 + (128 * 9),4)) -> 0x04C7 | V83: =CONCATENATE("0x",DEC2HEX(J83 + (128 * 10),4)) -> 0x0547 | W83: =CONCATENATE("0x",DEC2HEX(J83 + (128 * 11),4)) -> 0x05C7
H84: Carrier ID#57 - CIM TO CV | J84: 72 | L84: =CONCATENATE("0x",DEC2HEX(J84,4)) -> 0x0048 | M84: =CONCATENATE("0x",DEC2HEX(J84 + (128 * 1),4)) -> 0x00C8 | N84: =CONCATENATE("0x",DEC2HEX(J84 + (128 * 2),4)) -> 0x0148 | O84: =CONCATENATE("0x",DEC2HEX(J84 + (128 * 3),4)) -> 0x01C8 | P84: =CONCATENATE("0x",DEC2HEX(J84 + (128 * 4),4)) -> 0x0248 | Q84: =CONCATENATE("0x",DEC2HEX(J84 + (128 * 5),4)) -> 0x02C8 | R84: =CONCATENATE("0x",DEC2HEX(J84 + (128 * 6),4)) -> 0x0348 | S84: =CONCATENATE("0x",DEC2HEX(J84 + (128 * 7),4)) -> 0x03C8 | T84: =CONCATENATE("0x",DEC2HEX(J84 + (128 * 8),4)) -> 0x0448 | U84: =CONCATENATE("0x",DEC2HEX(J84 + (128 * 9),4)) -> 0x04C8 | V84: =CONCATENATE("0x",DEC2HEX(J84 + (128 * 10),4)) -> 0x0548 | W84: =CONCATENATE("0x",DEC2HEX(J84 + (128 * 11),4)) -> 0x05C8
H85: Carrier ID#58 - "1" ID WRITE & "2" ID NO WRITE | J85: 73 | L85: =CONCATENATE("0x",DEC2HEX(J85,4)) -> 0x0049 | M85: =CONCATENATE("0x",DEC2HEX(J85 + (128 * 1),4)) -> 0x00C9 | N85: =CONCATENATE("0x",DEC2HEX(J85 + (128 * 2),4)) -> 0x0149 | O85: =CONCATENATE("0x",DEC2HEX(J85 + (128 * 3),4)) -> 0x01C9 | P85: =CONCATENATE("0x",DEC2HEX(J85 + (128 * 4),4)) -> 0x0249 | Q85: =CONCATENATE("0x",DEC2HEX(J85 + (128 * 5),4)) -> 0x02C9 | R85: =CONCATENATE("0x",DEC2HEX(J85 + (128 * 6),4)) -> 0x0349 | S85: =CONCATENATE("0x",DEC2HEX(J85 + (128 * 7),4)) -> 0x03C9 | T85: =CONCATENATE("0x",DEC2HEX(J85 + (128 * 8),4)) -> 0x0449 | U85: =CONCATENATE("0x",DEC2HEX(J85 + (128 * 9),4)) -> 0x04C9 | V85: =CONCATENATE("0x",DEC2HEX(J85 + (128 * 10),4)) -> 0x0549 | W85: =CONCATENATE("0x",DEC2HEX(J85 + (128 * 11),4)) -> 0x05C9
H86: RESERVED | J86: 74 | L86: =CONCATENATE("0x",DEC2HEX(J86,4)) -> 0x004A | M86: =CONCATENATE("0x",DEC2HEX(J86 + (128 * 1),4)) -> 0x00CA | N86: =CONCATENATE("0x",DEC2HEX(J86 + (128 * 2),4)) -> 0x014A | O86: =CONCATENATE("0x",DEC2HEX(J86 + (128 * 3),4)) -> 0x01CA | P86: =CONCATENATE("0x",DEC2HEX(J86 + (128 * 4),4)) -> 0x024A | Q86: =CONCATENATE("0x",DEC2HEX(J86 + (128 * 5),4)) -> 0x02CA | R86: =CONCATENATE("0x",DEC2HEX(J86 + (128 * 6),4)) -> 0x034A | S86: =CONCATENATE("0x",DEC2HEX(J86 + (128 * 7),4)) -> 0x03CA | T86: =CONCATENATE("0x",DEC2HEX(J86 + (128 * 8),4)) -> 0x044A | U86: =CONCATENATE("0x",DEC2HEX(J86 + (128 * 9),4)) -> 0x04CA | V86: =CONCATENATE("0x",DEC2HEX(J86 + (128 * 10),4)) -> 0x054A | W86: =CONCATENATE("0x",DEC2HEX(J86 + (128 * 11),4)) -> 0x05CA
H87: RESERVED | J87: 75 | L87: =CONCATENATE("0x",DEC2HEX(J87,4)) -> 0x004B | M87: =CONCATENATE("0x",DEC2HEX(J87 + (128 * 1),4)) -> 0x00CB | N87: =CONCATENATE("0x",DEC2HEX(J87 + (128 * 2),4)) -> 0x014B | O87: =CONCATENATE("0x",DEC2HEX(J87 + (128 * 3),4)) -> 0x01CB | P87: =CONCATENATE("0x",DEC2HEX(J87 + (128 * 4),4)) -> 0x024B | Q87: =CONCATENATE("0x",DEC2HEX(J87 + (128 * 5),4)) -> 0x02CB | R87: =CONCATENATE("0x",DEC2HEX(J87 + (128 * 6),4)) -> 0x034B | S87: =CONCATENATE("0x",DEC2HEX(J87 + (128 * 7),4)) -> 0x03CB | T87: =CONCATENATE("0x",DEC2HEX(J87 + (128 * 8),4)) -> 0x044B | U87: =CONCATENATE("0x",DEC2HEX(J87 + (128 * 9),4)) -> 0x04CB | V87: =CONCATENATE("0x",DEC2HEX(J87 + (128 * 10),4)) -> 0x054B | W87: =CONCATENATE("0x",DEC2HEX(J87 + (128 * 11),4)) -> 0x05CB
H88: RESERVED | J88: 76 | L88: =CONCATENATE("0x",DEC2HEX(J88,4)) -> 0x004C | M88: =CONCATENATE("0x",DEC2HEX(J88 + (128 * 1),4)) -> 0x00CC | N88: =CONCATENATE("0x",DEC2HEX(J88 + (128 * 2),4)) -> 0x014C | O88: =CONCATENATE("0x",DEC2HEX(J88 + (128 * 3),4)) -> 0x01CC | P88: =CONCATENATE("0x",DEC2HEX(J88 + (128 * 4),4)) -> 0x024C | Q88: =CONCATENATE("0x",DEC2HEX(J88 + (128 * 5),4)) -> 0x02CC | R88: =CONCATENATE("0x",DEC2HEX(J88 + (128 * 6),4)) -> 0x034C | S88: =CONCATENATE("0x",DEC2HEX(J88 + (128 * 7),4)) -> 0x03CC | T88: =CONCATENATE("0x",DEC2HEX(J88 + (128 * 8),4)) -> 0x044C | U88: =CONCATENATE("0x",DEC2HEX(J88 + (128 * 9),4)) -> 0x04CC | V88: =CONCATENATE("0x",DEC2HEX(J88 + (128 * 10),4)) -> 0x054C | W88: =CONCATENATE("0x",DEC2HEX(J88 + (128 * 11),4)) -> 0x05CC
... H91: RESERVED | J91: 79 | L91: =CONCATENATE("0x",DEC2HEX(J91,4)) -> 0x004F | M91: =CONCATENATE("0x",DEC2HEX(J91 + (128 * 1),4)) -> 0x00CF | N91: =CONCATENATE("0x",DEC2HEX(J91 + (128 * 2),4)) -> 0x014F | O91: =CONCATENATE("0x",DEC2HEX(J91 + (128 * 3),4)) -> 0x01CF | P91: =CONCATENATE("0x",DEC2HEX(J91 + (128 * 4),4)) -> 0x024F | Q91: =CONCATENATE("0x",DEC2HEX(J91 + (128 * 5),4)) -> 0x02CF | R91: =CONCATENATE("0x",DEC2HEX(J91 + (128 * 6),4)) -> 0x034F | S91: =CONCATENATE("0x",DEC2HEX(J91 + (128 * 7),4)) -> 0x03CF | T91: =CONCATENATE("0x",DEC2HEX(J91 + (128 * 8),4)) -> 0x044F | U91: =CONCATENATE("0x",DEC2HEX(J91 + (128 * 9),4)) -> 0x04CF | V91: =CONCATENATE("0x",DEC2HEX(J91 + (128 * 10),4)) -> 0x054F | W91: =CONCATENATE("0x",DEC2HEX(J91 + (128 * 11),4)) -> 0x05CF
H92: RESERVED | J92: 80 | K92: 6 | L92: =CONCATENATE("0x",DEC2HEX(J92,4)) -> 0x0050 | M92: =CONCATENATE("0x",DEC2HEX(J92 + (128 * 1),4)) -> 0x00D0 | N92: =CONCATENATE("0x",DEC2HEX(J92 + (128 * 2),4)) -> 0x0150 | O92: =CONCATENATE("0x",DEC2HEX(J92 + (128 * 3),4)) -> 0x01D0 | P92: =CONCATENATE("0x",DEC2HEX(J92 + (128 * 4),4)) -> 0x0250 | Q92: =CONCATENATE("0x",DEC2HEX(J92 + (128 * 5),4)) -> 0x02D0 | R92: =CONCATENATE("0x",DEC2HEX(J92 + (128 * 6),4)) -> 0x0350 | S92: =CONCATENATE("0x",DEC2HEX(J92 + (128 * 7),4)) -> 0x03D0 | T92: =CONCATENATE("0x",DEC2HEX(J92 + (128 * 8),4)) -> 0x0450 | U92: =CONCATENATE("0x",DEC2HEX(J92 + (128 * 9),4)) -> 0x04D0 | V92: =CONCATENATE("0x",DEC2HEX(J92 + (128 * 10),4)) -> 0x0550 | W92: =CONCATENATE("0x",DEC2HEX(J92 + (128 * 11),4)) -> 0x05D0
H93: RESERVED | J93: 81 | L93: =CONCATENATE("0x",DEC2HEX(J93,4)) -> 0x0051 | M93: =CONCATENATE("0x",DEC2HEX(J93 + (128 * 1),4)) -> 0x00D1 | N93: =CONCATENATE("0x",DEC2HEX(J93 + (128 * 2),4)) -> 0x0151 | O93: =CONCATENATE("0x",DEC2HEX(J93 + (128 * 3),4)) -> 0x01D1 | P93: =CONCATENATE("0x",DEC2HEX(J93 + (128 * 4),4)) -> 0x0251 | Q93: =CONCATENATE("0x",DEC2HEX(J93 + (128 * 5),4)) -> 0x02D1 | R93: =CONCATENATE("0x",DEC2HEX(J93 + (128 * 6),4)) -> 0x0351 | S93: =CONCATENATE("0x",DEC2HEX(J93 + (128 * 7),4)) -> 0x03D1 | T93: =CONCATENATE("0x",DEC2HEX(J93 + (128 * 8),4)) -> 0x0451 | U93: =CONCATENATE("0x",DEC2HEX(J93 + (128 * 9),4)) -> 0x04D1 | V93: =CONCATENATE("0x",DEC2HEX(J93 + (128 * 10),4)) -> 0x0551 | W93: =CONCATENATE("0x",DEC2HEX(J93 + (128 * 11),4)) -> 0x05D1
H94: RESERVED | J94: 82 | L94: =CONCATENATE("0x",DEC2HEX(J94,4)) -> 0x0052 | M94: =CONCATENATE("0x",DEC2HEX(J94 + (128 * 1),4)) -> 0x00D2 | N94: =CONCATENATE("0x",DEC2HEX(J94 + (128 * 2),4)) -> 0x0152 | O94: =CONCATENATE("0x",DEC2HEX(J94 + (128 * 3),4)) -> 0x01D2 | P94: =CONCATENATE("0x",DEC2HEX(J94 + (128 * 4),4)) -> 0x0252 | Q94: =CONCATENATE("0x",DEC2HEX(J94 + (128 * 5),4)) -> 0x02D2 | R94: =CONCATENATE("0x",DEC2HEX(J94 + (128 * 6),4)) -> 0x0352 | S94: =CONCATENATE("0x",DEC2HEX(J94 + (128 * 7),4)) -> 0x03D2 | T94: =CONCATENATE("0x",DEC2HEX(J94 + (128 * 8),4)) -> 0x0452 | U94: =CONCATENATE("0x",DEC2HEX(J94 + (128 * 9),4)) -> 0x04D2 | V94: =CONCATENATE("0x",DEC2HEX(J94 + (128 * 10),4)) -> 0x0552 | W94: =CONCATENATE("0x",DEC2HEX(J94 + (128 * 11),4)) -> 0x05D2
H95: RESERVED | J95: 83 | L95: =CONCATENATE("0x",DEC2HEX(J95,4)) -> 0x0053 | M95: =CONCATENATE("0x",DEC2HEX(J95 + (128 * 1),4)) -> 0x00D3 | N95: =CONCATENATE("0x",DEC2HEX(J95 + (128 * 2),4)) -> 0x0153 | O95: =CONCATENATE("0x",DEC2HEX(J95 + (128 * 3),4)) -> 0x01D3 | P95: =CONCATENATE("0x",DEC2HEX(J95 + (128 * 4),4)) -> 0x0253 | Q95: =CONCATENATE("0x",DEC2HEX(J95 + (128 * 5),4)) -> 0x02D3 | R95: =CONCATENATE("0x",DEC2HEX(J95 + (128 * 6),4)) -> 0x0353 | S95: =CONCATENATE("0x",DEC2HEX(J95 + (128 * 7),4)) -> 0x03D3 | T95: =CONCATENATE("0x",DEC2HEX(J95 + (128 * 8),4)) -> 0x0453 | U95: =CONCATENATE("0x",DEC2HEX(J95 + (128 * 9),4)) -> 0x04D3 | V95: =CONCATENATE("0x",DEC2HEX(J95 + (128 * 10),4)) -> 0x0553 | W95: =CONCATENATE("0x",DEC2HEX(J95 + (128 * 11),4)) -> 0x05D3
H96: RESERVED | J96: 84 | L96: =CONCATENATE("0x",DEC2HEX(J96,4)) -> 0x0054 | M96: =CONCATENATE("0x",DEC2HEX(J96 + (128 * 1),4)) -> 0x00D4 | N96: =CONCATENATE("0x",DEC2HEX(J96 + (128 * 2),4)) -> 0x0154 | O96: =CONCATENATE("0x",DEC2HEX(J96 + (128 * 3),4)) -> 0x01D4 | P96: =CONCATENATE("0x",DEC2HEX(J96 + (128 * 4),4)) -> 0x0254 | Q96: =CONCATENATE("0x",DEC2HEX(J96 + (128 * 5),4)) -> 0x02D4 | R96: =CONCATENATE("0x",DEC2HEX(J96 + (128 * 6),4)) -> 0x0354 | S96: =CONCATENATE("0x",DEC2HEX(J96 + (128 * 7),4)) -> 0x03D4 | T96: =CONCATENATE("0x",DEC2HEX(J96 + (128 * 8),4)) -> 0x0454 | U96: =CONCATENATE("0x",DEC2HEX(J96 + (128 * 9),4)) -> 0x04D4 | V96: =CONCATENATE("0x",DEC2HEX(J96 + (128 * 10),4)) -> 0x0554 | W96: =CONCATENATE("0x",DEC2HEX(J96 + (128 * 11),4)) -> 0x05D4
H97: RESERVED | J97: 85 | L97: =CONCATENATE("0x",DEC2HEX(J97,4)) -> 0x0055 | M97: =CONCATENATE("0x",DEC2HEX(J97 + (128 * 1),4)) -> 0x00D5 | N97: =CONCATENATE("0x",DEC2HEX(J97 + (128 * 2),4)) -> 0x0155 | O97: =CONCATENATE("0x",DEC2HEX(J97 + (128 * 3),4)) -> 0x01D5 | P97: =CONCATENATE("0x",DEC2HEX(J97 + (128 * 4),4)) -> 0x0255 | Q97: =CONCATENATE("0x",DEC2HEX(J97 + (128 * 5),4)) -> 0x02D5 | R97: =CONCATENATE("0x",DEC2HEX(J97 + (128 * 6),4)) -> 0x0355 | S97: =CONCATENATE("0x",DEC2HEX(J97 + (128 * 7),4)) -> 0x03D5 | T97: =CONCATENATE("0x",DEC2HEX(J97 + (128 * 8),4)) -> 0x0455 | U97: =CONCATENATE("0x",DEC2HEX(J97 + (128 * 9),4)) -> 0x04D5 | V97: =CONCATENATE("0x",DEC2HEX(J97 + (128 * 10),4)) -> 0x0555 | W97: =CONCATENATE("0x",DEC2HEX(J97 + (128 * 11),4)) -> 0x05D5
H98: RESERVED | J98: 86 | L98: =CONCATENATE("0x",DEC2HEX(J98,4)) -> 0x0056 | M98: =CONCATENATE("0x",DEC2HEX(J98 + (128 * 1),4)) -> 0x00D6 | N98: =CONCATENATE("0x",DEC2HEX(J98 + (128 * 2),4)) -> 0x0156 | O98: =CONCATENATE("0x",DEC2HEX(J98 + (128 * 3),4)) -> 0x01D6 | P98: =CONCATENATE("0x",DEC2HEX(J98 + (128 * 4),4)) -> 0x0256 | Q98: =CONCATENATE("0x",DEC2HEX(J98 + (128 * 5),4)) -> 0x02D6 | R98: =CONCATENATE("0x",DEC2HEX(J98 + (128 * 6),4)) -> 0x0356 | S98: =CONCATENATE("0x",DEC2HEX(J98 + (128 * 7),4)) -> 0x03D6 | T98: =CONCATENATE("0x",DEC2HEX(J98 + (128 * 8),4)) -> 0x0456 | U98: =CONCATENATE("0x",DEC2HEX(J98 + (128 * 9),4)) -> 0x04D6 | V98: =CONCATENATE("0x",DEC2HEX(J98 + (128 * 10),4)) -> 0x0556 | W98: =CONCATENATE("0x",DEC2HEX(J98 + (128 * 11),4)) -> 0x05D6
H99: RESERVED | J99: 87 | L99: =CONCATENATE("0x",DEC2HEX(J99,4)) -> 0x0057 | M99: =CONCATENATE("0x",DEC2HEX(J99 + (128 * 1),4)) -> 0x00D7 | N99: =CONCATENATE("0x",DEC2HEX(J99 + (128 * 2),4)) -> 0x0157 | O99: =CONCATENATE("0x",DEC2HEX(J99 + (128 * 3),4)) -> 0x01D7 | P99: =CONCATENATE("0x",DEC2HEX(J99 + (128 * 4),4)) -> 0x0257 | Q99: =CONCATENATE("0x",DEC2HEX(J99 + (128 * 5),4)) -> 0x02D7 | R99: =CONCATENATE("0x",DEC2HEX(J99 + (128 * 6),4)) -> 0x0357 | S99: =CONCATENATE("0x",DEC2HEX(J99 + (128 * 7),4)) -> 0x03D7 | T99: =CONCATENATE("0x",DEC2HEX(J99 + (128 * 8),4)) -> 0x0457 | U99: =CONCATENATE("0x",DEC2HEX(J99 + (128 * 9),4)) -> 0x04D7 | V99: =CONCATENATE("0x",DEC2HEX(J99 + (128 * 10),4)) -> 0x0557 | W99: =CONCATENATE("0x",DEC2HEX(J99 + (128 * 11),4)) -> 0x05D7
H100: RESERVED | J100: 88 | L100: =CONCATENATE("0x",DEC2HEX(J100,4)) -> 0x0058 | M100: =CONCATENATE("0x",DEC2HEX(J100 + (128 * 1),4)) -> 0x00D8 | N100: =CONCATENATE("0x",DEC2HEX(J100 + (128 * 2),4)) -> 0x0158 | O100: =CONCATENATE("0x",DEC2HEX(J100 + (128 * 3),4)) -> 0x01D8 | P100: =CONCATENATE("0x",DEC2HEX(J100 + (128 * 4),4)) -> 0x0258 | Q100: =CONCATENATE("0x",DEC2HEX(J100 + (128 * 5),4)) -> 0x02D8 | R100: =CONCATENATE("0x",DEC2HEX(J100 + (128 * 6),4)) -> 0x0358 | S100: =CONCATENATE("0x",DEC2HEX(J100 + (128 * 7),4)) -> 0x03D8 | T100: =CONCATENATE("0x",DEC2HEX(J100 + (128 * 8),4)) -> 0x0458 | U100: =CONCATENATE("0x",DEC2HEX(J100 + (128 * 9),4)) -> 0x04D8 | V100: =CONCATENATE("0x",DEC2HEX(J100 + (128 * 10),4)) -> 0x0558 | W100: =CONCATENATE("0x",DEC2HEX(J100 + (128 * 11),4)) -> 0x05D8
H101: RESERVED | J101: 89 | L101: =CONCATENATE("0x",DEC2HEX(J101,4)) -> 0x0059 | M101: =CONCATENATE("0x",DEC2HEX(J101 + (128 * 1),4)) -> 0x00D9 | N101: =CONCATENATE("0x",DEC2HEX(J101 + (128 * 2),4)) -> 0x0159 | O101: =CONCATENATE("0x",DEC2HEX(J101 + (128 * 3),4)) -> 0x01D9 | P101: =CONCATENATE("0x",DEC2HEX(J101 + (128 * 4),4)) -> 0x0259 | Q101: =CONCATENATE("0x",DEC2HEX(J101 + (128 * 5),4)) -> 0x02D9 | R101: =CONCATENATE("0x",DEC2HEX(J101 + (128 * 6),4)) -> 0x0359 | S101: =CONCATENATE("0x",DEC2HEX(J101 + (128 * 7),4)) -> 0x03D9 | T101: =CONCATENATE("0x",DEC2HEX(J101 + (128 * 8),4)) -> 0x0459 | U101: =CONCATENATE("0x",DEC2HEX(J101 + (128 * 9),4)) -> 0x04D9 | V101: =CONCATENATE("0x",DEC2HEX(J101 + (128 * 10),4)) -> 0x0559 | W101: =CONCATENATE("0x",DEC2HEX(J101 + (128 * 11),4)) -> 0x05D9
H102: RESERVED | J102: 90 | L102: =CONCATENATE("0x",DEC2HEX(J102,4)) -> 0x005A | M102: =CONCATENATE("0x",DEC2HEX(J102 + (128 * 1),4)) -> 0x00DA | N102: =CONCATENATE("0x",DEC2HEX(J102 + (128 * 2),4)) -> 0x015A | O102: =CONCATENATE("0x",DEC2HEX(J102 + (128 * 3),4)) -> 0x01DA | P102: =CONCATENATE("0x",DEC2HEX(J102 + (128 * 4),4)) -> 0x025A | Q102: =CONCATENATE("0x",DEC2HEX(J102 + (128 * 5),4)) -> 0x02DA | R102: =CONCATENATE("0x",DEC2HEX(J102 + (128 * 6),4)) -> 0x035A | S102: =CONCATENATE("0x",DEC2HEX(J102 + (128 * 7),4)) -> 0x03DA | T102: =CONCATENATE("0x",DEC2HEX(J102 + (128 * 8),4)) -> 0x045A | U102: =CONCATENATE("0x",DEC2HEX(J102 + (128 * 9),4)) -> 0x04DA | V102: =CONCATENATE("0x",DEC2HEX(J102 + (128 * 10),4)) -> 0x055A | W102: =CONCATENATE("0x",DEC2HEX(J102 + (128 * 11),4)) -> 0x05DA
H103: RESERVED | J103: 91 | L103: =CONCATENATE("0x",DEC2HEX(J103,4)) -> 0x005B | M103: =CONCATENATE("0x",DEC2HEX(J103 + (128 * 1),4)) -> 0x00DB | N103: =CONCATENATE("0x",DEC2HEX(J103 + (128 * 2),4)) -> 0x015B | O103: =CONCATENATE("0x",DEC2HEX(J103 + (128 * 3),4)) -> 0x01DB | P103: =CONCATENATE("0x",DEC2HEX(J103 + (128 * 4),4)) -> 0x025B | Q103: =CONCATENATE("0x",DEC2HEX(J103 + (128 * 5),4)) -> 0x02DB | R103: =CONCATENATE("0x",DEC2HEX(J103 + (128 * 6),4)) -> 0x035B | S103: =CONCATENATE("0x",DEC2HEX(J103 + (128 * 7),4)) -> 0x03DB | T103: =CONCATENATE("0x",DEC2HEX(J103 + (128 * 8),4)) -> 0x045B | U103: =CONCATENATE("0x",DEC2HEX(J103 + (128 * 9),4)) -> 0x04DB | V103: =CONCATENATE("0x",DEC2HEX(J103 + (128 * 10),4)) -> 0x055B | W103: =CONCATENATE("0x",DEC2HEX(J103 + (128 * 11),4)) -> 0x05DB
H104: RESERVED | J104: 92 | L104: =CONCATENATE("0x",DEC2HEX(J104,4)) -> 0x005C | M104: =CONCATENATE("0x",DEC2HEX(J104 + (128 * 1),4)) -> 0x00DC | N104: =CONCATENATE("0x",DEC2HEX(J104 + (128 * 2),4)) -> 0x015C | O104: =CONCATENATE("0x",DEC2HEX(J104 + (128 * 3),4)) -> 0x01DC | P104: =CONCATENATE("0x",DEC2HEX(J104 + (128 * 4),4)) -> 0x025C | Q104: =CONCATENATE("0x",DEC2HEX(J104 + (128 * 5),4)) -> 0x02DC | R104: =CONCATENATE("0x",DEC2HEX(J104 + (128 * 6),4)) -> 0x035C | S104: =CONCATENATE("0x",DEC2HEX(J104 + (128 * 7),4)) -> 0x03DC | T104: =CONCATENATE("0x",DEC2HEX(J104 + (128 * 8),4)) -> 0x045C | U104: =CONCATENATE("0x",DEC2HEX(J104 + (128 * 9),4)) -> 0x04DC | V104: =CONCATENATE("0x",DEC2HEX(J104 + (128 * 10),4)) -> 0x055C | W104: =CONCATENATE("0x",DEC2HEX(J104 + (128 * 11),4)) -> 0x05DC
...
